USER_ID,ITEM_ID,EVENT_TYPE
rlwjddl1596@naver.com,1,CLICK
rlwjddl1596@naver.com,4,CLICK
rlwjddl1596@naver.com,5,CLICK
rlwjddl1596@naver.com,12,CLICK
rlwjddl1596@naver.com,16,CLICK
rlwjddl1596@naver.com,17,CLICK
rlwjddl1596@naver.com,19,VIEW
rlwjddl1596@naver.com,21,VIEW
rlwjddl1596@naver.com,22,CLICK
rlwjddl1596@naver.com,23,CLICK
rlwjddl1596@naver.com,33,CLICK
rlwjddl1596@naver.com,35,CLICK
rlwjddl1596@naver.com,37,VIEW
rlwjddl1596@naver.com,44,CLICK
rlwjddl1596@naver.com,45,PURCHASE
rlwjddl1596@naver.com,48,CLICK
rlwjddl1596@naver.com,50,PURCHASE
rlwjddl1596@naver.com,51,CLICK
rlwjddl1596@naver.com,54,CLICK
rlwjddl1596@naver.com,55,CLICK
rlwjddl1596@naver.com,56,CLICK
rlwjddl1596@naver.com,58,CLICK
rlwjddl1596@naver.com,63,VIEW
rlwjddl1596@naver.com,64,PURCHASE
rlwjddl1596@naver.com,68,CLICK
rlwjddl1596@naver.com,72,CLICK
rlwjddl1596@naver.com,73,VIEW
rlwjddl1596@naver.com,75,VIEW
rlwjddl1596@naver.com,76,VIEW
rlwjddl1596@naver.com,77,VIEW
rlwjddl1596@naver.com,78,CLICK
rlwjddl1596@naver.com,84,VIEW
rlwjddl1596@naver.com,89,CLICK
rlwjddl1596@naver.com,90,CLICK
rlwjddl1596@naver.com,100,CLICK
rlwjddl1596@naver.com,106,VIEW
rlwjddl1596@naver.com,111,PURCHASE
rlwjddl1596@naver.com,115,CLICK
rlwjddl1596@naver.com,118,CLICK
rlwjddl1596@naver.com,120,CLICK
rlwjddl1596@naver.com,122,CLICK
rlwjddl1596@naver.com,123,CLICK
rlwjddl1596@naver.com,125,VIEW
rlwjddl1596@naver.com,126,VIEW
rlwjddl1596@naver.com,128,VIEW
rlwjddl1596@naver.com,129,VIEW
rlwjddl1596@naver.com,131,VIEW
rlwjddl1596@naver.com,132,VIEW
rlwjddl1596@naver.com,133,VIEW
rlwjddl1596@naver.com,135,CLICK
rlwjddl1596@naver.com,140,CLICK
rlwjddl1596@naver.com,142,CLICK
rlwjddl1596@naver.com,143,CLICK
rlwjddl1596@naver.com,145,CLICK
rlwjddl1596@naver.com,146,CLICK
rlwjddl1596@naver.com,149,PURCHASE
rlwjddl1596@naver.com,150,CLICK
rlwjddl1596@naver.com,151,VIEW
rlwjddl1596@naver.com,152,VIEW
rlwjddl1596@naver.com,153,PURCHASE
rlwjddl1596@naver.com,154,PURCHASE
rlwjddl1596@naver.com,160,CLICK
rlwjddl1596@naver.com,165,CLICK
rlwjddl1596@naver.com,166,CLICK
rlwjddl1596@naver.com,169,CLICK
rlwjddl1596@naver.com,170,VIEW
rlwjddl1596@naver.com,176,VIEW
rlwjddl1596@naver.com,180,CLICK
rlwjddl1596@naver.com,181,VIEW
rlwjddl1596@naver.com,186,CLICK
rlwjddl1596@naver.com,188,CLICK
rlwjddl1596@naver.com,190,PURCHASE
rlwjddl1596@naver.com,191,CLICK
rlwjddl1596@naver.com,197,CLICK
rlwjddl1596@naver.com,198,CLICK
rlwjddl1596@naver.com,209,CLICK
rlwjddl1596@naver.com,210,CLICK
rlwjddl1596@naver.com,214,CLICK
rlwjddl1596@naver.com,217,PURCHASE
rlwjddl1596@naver.com,220,CLICK
rlwjddl1596@naver.com,221,VIEW
rlwjddl1596@naver.com,222,CLICK
rlwjddl1596@naver.com,227,VIEW
rlwjddl1596@naver.com,229,CLICK
rlwjddl1596@naver.com,230,VIEW
rlwjddl1596@naver.com,232,VIEW
rlwjddl1596@naver.com,233,VIEW
rlwjddl234@gmail.com,19,CLICK
rlwjddl234@gmail.com,27,CLICK
rlwjddl234@gmail.com,41,CLICK
rlwjddl234@gmail.com,65,CLICK
rlwjddl234@gmail.com,88,CLICK
rlwjddl234@gmail.com,102,CLICK
rlwjddl234@gmail.com,125,CLICK
rlwjddl234@gmail.com,151,CLICK
rlwjddl234@gmail.com,176,CLICK
rlwjddl234@gmail.com,230,CLICK
rlwjddl234@gmail.com,233,CLICK
yeongsig09@example.com,15,CLICK
yeongsig09@example.com,21,CLICK
yeongsig09@example.com,37,CLICK
yeongsig09@example.com,75,CLICK
yeongsig09@example.com,96,CLICK
yeongsig09@example.com,104,CLICK
yeongsig09@example.com,105,CLICK
yeongsig09@example.com,121,CLICK
yeongsig09@example.com,127,CLICK
yeongsig09@example.com,128,CLICK
yeongsig09@example.com,131,CLICK
yeongsig09@example.com,141,CLICK
yeongsig09@example.com,155,CLICK
yeongsig09@example.com,161,CLICK
yeongsig09@example.com,175,CLICK
yeongsig09@example.com,202,CLICK
yeongsig09@example.com,218,CLICK
seonyeong52@example.com,3,CLICK
seonyeong52@example.com,13,CLICK
seonyeong52@example.com,20,CLICK
seonyeong52@example.com,60,CLICK
seonyeong52@example.com,62,CLICK
seonyeong52@example.com,67,CLICK
seonyeong52@example.com,114,CLICK
seonyeong52@example.com,122,CLICK
seonyeong52@example.com,146,CLICK
seonyeong52@example.com,165,CLICK
seonyeong52@example.com,166,CLICK
seonyeong52@example.com,177,CLICK
seonyeong52@example.com,209,CLICK
seonyeong52@example.com,210,CLICK
baggeonu@example.net,5,CLICK
baggeonu@example.net,7,CLICK
baggeonu@example.net,8,CLICK
baggeonu@example.net,12,VIEW
baggeonu@example.net,21,VIEW
baggeonu@example.net,22,CLICK
baggeonu@example.net,23,CLICK
baggeonu@example.net,32,CLICK
baggeonu@example.net,33,VIEW
baggeonu@example.net,37,VIEW
baggeonu@example.net,44,CLICK
baggeonu@example.net,45,CLICK
baggeonu@example.net,47,CLICK
baggeonu@example.net,48,CLICK
baggeonu@example.net,50,CLICK
baggeonu@example.net,53,CLICK
baggeonu@example.net,56,VIEW
baggeonu@example.net,57,CLICK
baggeonu@example.net,61,CLICK
baggeonu@example.net,63,CLICK
baggeonu@example.net,64,CLICK
baggeonu@example.net,69,CLICK
baggeonu@example.net,72,VIEW
baggeonu@example.net,74,CLICK
baggeonu@example.net,75,VIEW
baggeonu@example.net,76,CLICK
baggeonu@example.net,93,CLICK
baggeonu@example.net,111,CLICK
baggeonu@example.net,115,VIEW
baggeonu@example.net,118,CLICK
baggeonu@example.net,120,CLICK
baggeonu@example.net,122,CLICK
baggeonu@example.net,128,VIEW
baggeonu@example.net,129,CLICK
baggeonu@example.net,131,VIEW
baggeonu@example.net,132,CLICK
baggeonu@example.net,133,CLICK
baggeonu@example.net,140,CLICK
baggeonu@example.net,146,CLICK
baggeonu@example.net,147,CLICK
baggeonu@example.net,149,CLICK
baggeonu@example.net,152,CLICK
baggeonu@example.net,153,CLICK
baggeonu@example.net,154,CLICK
baggeonu@example.net,160,VIEW
baggeonu@example.net,165,CLICK
baggeonu@example.net,166,CLICK
baggeonu@example.net,169,CLICK
baggeonu@example.net,188,CLICK
baggeonu@example.net,190,CLICK
baggeonu@example.net,191,VIEW
baggeonu@example.net,209,CLICK
baggeonu@example.net,210,CLICK
baggeonu@example.net,217,CLICK
baggeonu@example.net,219,CLICK
baggeonu@example.net,221,CLICK
baggeonu@example.net,227,CLICK
baggeonu@example.net,231,CLICK
seunghyeon29@example.org,1,VIEW
seunghyeon29@example.org,8,CLICK
seunghyeon29@example.org,9,CLICK
seunghyeon29@example.org,19,PURCHASE
seunghyeon29@example.org,21,CLICK
seunghyeon29@example.org,27,CLICK
seunghyeon29@example.org,28,CLICK
seunghyeon29@example.org,32,CLICK
seunghyeon29@example.org,35,VIEW
seunghyeon29@example.org,37,CLICK
seunghyeon29@example.org,41,CLICK
seunghyeon29@example.org,45,VIEW
seunghyeon29@example.org,50,VIEW
seunghyeon29@example.org,51,VIEW
seunghyeon29@example.org,61,CLICK
seunghyeon29@example.org,63,CLICK
seunghyeon29@example.org,64,VIEW
seunghyeon29@example.org,65,CLICK
seunghyeon29@example.org,73,CLICK
seunghyeon29@example.org,75,CLICK
seunghyeon29@example.org,76,CLICK
seunghyeon29@example.org,77,CLICK
seunghyeon29@example.org,78,VIEW
seunghyeon29@example.org,80,CLICK
seunghyeon29@example.org,84,CLICK
seunghyeon29@example.org,88,CLICK
seunghyeon29@example.org,89,VIEW
seunghyeon29@example.org,92,CLICK
seunghyeon29@example.org,102,CLICK
seunghyeon29@example.org,106,CLICK
seunghyeon29@example.org,111,VIEW
seunghyeon29@example.org,122,VIEW
seunghyeon29@example.org,125,PURCHASE
seunghyeon29@example.org,126,CLICK
seunghyeon29@example.org,128,CLICK
seunghyeon29@example.org,129,CLICK
seunghyeon29@example.org,131,CLICK
seunghyeon29@example.org,132,CLICK
seunghyeon29@example.org,133,CLICK
seunghyeon29@example.org,138,CLICK
seunghyeon29@example.org,142,VIEW
seunghyeon29@example.org,143,VIEW
seunghyeon29@example.org,146,VIEW
seunghyeon29@example.org,149,VIEW
seunghyeon29@example.org,151,PURCHASE
seunghyeon29@example.org,152,CLICK
seunghyeon29@example.org,153,VIEW
seunghyeon29@example.org,154,VIEW
seunghyeon29@example.org,159,CLICK
seunghyeon29@example.org,165,VIEW
seunghyeon29@example.org,166,VIEW
seunghyeon29@example.org,170,CLICK
seunghyeon29@example.org,176,PURCHASE
seunghyeon29@example.org,178,CLICK
seunghyeon29@example.org,181,CLICK
seunghyeon29@example.org,187,CLICK
seunghyeon29@example.org,189,CLICK
seunghyeon29@example.org,190,VIEW
seunghyeon29@example.org,196,CLICK
seunghyeon29@example.org,197,VIEW
seunghyeon29@example.org,198,VIEW
seunghyeon29@example.org,199,CLICK
seunghyeon29@example.org,206,CLICK
seunghyeon29@example.org,209,VIEW
seunghyeon29@example.org,210,VIEW
seunghyeon29@example.org,214,VIEW
seunghyeon29@example.org,217,VIEW
seunghyeon29@example.org,221,CLICK
seunghyeon29@example.org,222,VIEW
seunghyeon29@example.org,227,CLICK
seunghyeon29@example.org,230,PURCHASE
seunghyeon29@example.org,231,CLICK
seunghyeon29@example.org,232,CLICK
seunghyeon29@example.org,233,PURCHASE
hongjinho@example.org,1,VIEW
hongjinho@example.org,8,CLICK
hongjinho@example.org,19,VIEW
hongjinho@example.org,28,CLICK
hongjinho@example.org,32,CLICK
hongjinho@example.org,35,CLICK
hongjinho@example.org,45,CLICK
hongjinho@example.org,50,CLICK
hongjinho@example.org,51,VIEW
hongjinho@example.org,61,CLICK
hongjinho@example.org,63,CLICK
hongjinho@example.org,64,CLICK
hongjinho@example.org,76,CLICK
hongjinho@example.org,78,CLICK
hongjinho@example.org,80,CLICK
hongjinho@example.org,89,CLICK
hongjinho@example.org,92,CLICK
hongjinho@example.org,111,CLICK
hongjinho@example.org,122,CLICK
hongjinho@example.org,125,VIEW
hongjinho@example.org,129,CLICK
hongjinho@example.org,132,CLICK
hongjinho@example.org,133,CLICK
hongjinho@example.org,138,CLICK
hongjinho@example.org,142,CLICK
hongjinho@example.org,143,VIEW
hongjinho@example.org,146,CLICK
hongjinho@example.org,149,CLICK
hongjinho@example.org,151,VIEW
hongjinho@example.org,152,CLICK
hongjinho@example.org,153,CLICK
hongjinho@example.org,154,CLICK
hongjinho@example.org,165,CLICK
hongjinho@example.org,166,CLICK
hongjinho@example.org,176,VIEW
hongjinho@example.org,187,CLICK
hongjinho@example.org,190,CLICK
hongjinho@example.org,197,VIEW
hongjinho@example.org,198,VIEW
hongjinho@example.org,199,CLICK
hongjinho@example.org,206,CLICK
hongjinho@example.org,209,CLICK
hongjinho@example.org,210,CLICK
hongjinho@example.org,214,CLICK
hongjinho@example.org,217,CLICK
hongjinho@example.org,221,CLICK
hongjinho@example.org,222,VIEW
hongjinho@example.org,227,CLICK
hongjinho@example.org,230,VIEW
hongjinho@example.org,231,CLICK
hongjinho@example.org,233,VIEW
seongmin55@example.org,1,VIEW
seongmin55@example.org,8,CLICK
seongmin55@example.org,9,CLICK
seongmin55@example.org,19,PURCHASE
seongmin55@example.org,21,CLICK
seongmin55@example.org,27,CLICK
seongmin55@example.org,28,CLICK
seongmin55@example.org,32,CLICK
seongmin55@example.org,35,VIEW
seongmin55@example.org,37,CLICK
seongmin55@example.org,41,CLICK
seongmin55@example.org,45,VIEW
seongmin55@example.org,50,VIEW
seongmin55@example.org,51,VIEW
seongmin55@example.org,61,CLICK
seongmin55@example.org,63,CLICK
seongmin55@example.org,64,VIEW
seongmin55@example.org,65,CLICK
seongmin55@example.org,73,CLICK
seongmin55@example.org,75,CLICK
seongmin55@example.org,76,CLICK
seongmin55@example.org,77,CLICK
seongmin55@example.org,78,VIEW
seongmin55@example.org,80,CLICK
seongmin55@example.org,84,CLICK
seongmin55@example.org,88,CLICK
seongmin55@example.org,89,VIEW
seongmin55@example.org,92,CLICK
seongmin55@example.org,102,CLICK
seongmin55@example.org,106,CLICK
seongmin55@example.org,111,VIEW
seongmin55@example.org,122,VIEW
seongmin55@example.org,125,PURCHASE
seongmin55@example.org,126,CLICK
seongmin55@example.org,128,CLICK
seongmin55@example.org,129,CLICK
seongmin55@example.org,131,CLICK
seongmin55@example.org,132,CLICK
seongmin55@example.org,133,CLICK
seongmin55@example.org,138,CLICK
seongmin55@example.org,142,VIEW
seongmin55@example.org,143,VIEW
seongmin55@example.org,146,VIEW
seongmin55@example.org,149,VIEW
seongmin55@example.org,151,PURCHASE
seongmin55@example.org,152,CLICK
seongmin55@example.org,153,VIEW
seongmin55@example.org,154,VIEW
seongmin55@example.org,159,CLICK
seongmin55@example.org,165,VIEW
seongmin55@example.org,166,VIEW
seongmin55@example.org,170,CLICK
seongmin55@example.org,176,PURCHASE
seongmin55@example.org,178,CLICK
seongmin55@example.org,181,CLICK
seongmin55@example.org,187,CLICK
seongmin55@example.org,189,CLICK
seongmin55@example.org,190,VIEW
seongmin55@example.org,196,CLICK
seongmin55@example.org,197,VIEW
seongmin55@example.org,198,VIEW
seongmin55@example.org,199,CLICK
seongmin55@example.org,206,CLICK
seongmin55@example.org,209,VIEW
seongmin55@example.org,210,VIEW
seongmin55@example.org,214,VIEW
seongmin55@example.org,217,VIEW
seongmin55@example.org,221,CLICK
seongmin55@example.org,222,VIEW
seongmin55@example.org,227,CLICK
seongmin55@example.org,230,PURCHASE
seongmin55@example.org,231,CLICK
seongmin55@example.org,232,CLICK
seongmin55@example.org,233,PURCHASE
ujang@example.org,1,CLICK
ujang@example.org,12,CLICK
ujang@example.org,16,CLICK
ujang@example.org,17,CLICK
ujang@example.org,19,CLICK
ujang@example.org,21,CLICK
ujang@example.org,33,CLICK
ujang@example.org,37,CLICK
ujang@example.org,45,VIEW
ujang@example.org,50,VIEW
ujang@example.org,51,CLICK
ujang@example.org,54,CLICK
ujang@example.org,55,CLICK
ujang@example.org,56,CLICK
ujang@example.org,63,VIEW
ujang@example.org,64,VIEW
ujang@example.org,72,CLICK
ujang@example.org,73,CLICK
ujang@example.org,75,CLICK
ujang@example.org,76,VIEW
ujang@example.org,77,CLICK
ujang@example.org,84,CLICK
ujang@example.org,90,CLICK
ujang@example.org,106,CLICK
ujang@example.org,111,VIEW
ujang@example.org,115,CLICK
ujang@example.org,123,CLICK
ujang@example.org,125,CLICK
ujang@example.org,126,CLICK
ujang@example.org,128,CLICK
ujang@example.org,129,VIEW
ujang@example.org,131,CLICK
ujang@example.org,132,VIEW
ujang@example.org,133,VIEW
ujang@example.org,143,CLICK
ujang@example.org,149,VIEW
ujang@example.org,151,CLICK
ujang@example.org,152,VIEW
ujang@example.org,153,VIEW
ujang@example.org,154,VIEW
ujang@example.org,160,CLICK
ujang@example.org,170,CLICK
ujang@example.org,176,CLICK
ujang@example.org,180,CLICK
ujang@example.org,181,CLICK
ujang@example.org,186,CLICK
ujang@example.org,190,VIEW
ujang@example.org,191,CLICK
ujang@example.org,197,CLICK
ujang@example.org,198,CLICK
ujang@example.org,217,VIEW
ujang@example.org,221,VIEW
ujang@example.org,222,CLICK
ujang@example.org,227,VIEW
ujang@example.org,229,CLICK
ujang@example.org,230,CLICK
ujang@example.org,232,CLICK
ujang@example.org,233,CLICK
osangho@example.net,1,CLICK
osangho@example.net,3,CLICK
osangho@example.net,5,CLICK
osangho@example.net,8,VIEW
osangho@example.net,9,VIEW
osangho@example.net,12,CLICK
osangho@example.net,13,CLICK
osangho@example.net,19,VIEW
osangho@example.net,20,CLICK
osangho@example.net,21,VIEW
osangho@example.net,22,CLICK
osangho@example.net,23,CLICK
osangho@example.net,32,VIEW
osangho@example.net,33,CLICK
osangho@example.net,35,CLICK
osangho@example.net,37,VIEW
osangho@example.net,42,CLICK
osangho@example.net,44,CLICK
osangho@example.net,45,CLICK
osangho@example.net,48,CLICK
osangho@example.net,50,CLICK
osangho@example.net,51,CLICK
osangho@example.net,56,CLICK
osangho@example.net,60,CLICK
osangho@example.net,61,VIEW
osangho@example.net,62,CLICK
osangho@example.net,64,CLICK
osangho@example.net,67,CLICK
osangho@example.net,71,CLICK
osangho@example.net,72,CLICK
osangho@example.net,75,VIEW
osangho@example.net,78,CLICK
osangho@example.net,89,CLICK
osangho@example.net,95,CLICK
osangho@example.net,111,CLICK
osangho@example.net,112,CLICK
osangho@example.net,114,CLICK
osangho@example.net,115,CLICK
osangho@example.net,118,CLICK
osangho@example.net,119,CLICK
osangho@example.net,120,CLICK
osangho@example.net,122,PURCHASE
osangho@example.net,125,VIEW
osangho@example.net,128,VIEW
osangho@example.net,130,CLICK
osangho@example.net,131,VIEW
osangho@example.net,140,CLICK
osangho@example.net,142,CLICK
osangho@example.net,143,CLICK
osangho@example.net,146,PURCHASE
osangho@example.net,149,CLICK
osangho@example.net,151,VIEW
osangho@example.net,153,CLICK
osangho@example.net,154,CLICK
osangho@example.net,159,VIEW
osangho@example.net,160,CLICK
osangho@example.net,165,PURCHASE
osangho@example.net,166,PURCHASE
osangho@example.net,169,CLICK
osangho@example.net,171,CLICK
osangho@example.net,176,VIEW
osangho@example.net,177,CLICK
osangho@example.net,178,VIEW
osangho@example.net,188,CLICK
osangho@example.net,189,VIEW
osangho@example.net,190,CLICK
osangho@example.net,191,CLICK
osangho@example.net,196,VIEW
osangho@example.net,197,CLICK
osangho@example.net,198,CLICK
osangho@example.net,201,CLICK
osangho@example.net,209,PURCHASE
osangho@example.net,210,PURCHASE
osangho@example.net,214,CLICK
osangho@example.net,215,CLICK
osangho@example.net,217,CLICK
osangho@example.net,222,CLICK
osangho@example.net,225,CLICK
osangho@example.net,230,VIEW
osangho@example.net,231,VIEW
osangho@example.net,233,VIEW
ijiu@example.net,1,VIEW
ijiu@example.net,8,CLICK
ijiu@example.net,19,VIEW
ijiu@example.net,28,CLICK
ijiu@example.net,32,CLICK
ijiu@example.net,35,CLICK
ijiu@example.net,45,CLICK
ijiu@example.net,50,CLICK
ijiu@example.net,51,VIEW
ijiu@example.net,61,CLICK
ijiu@example.net,63,CLICK
ijiu@example.net,64,CLICK
ijiu@example.net,76,CLICK
ijiu@example.net,78,CLICK
ijiu@example.net,80,CLICK
ijiu@example.net,89,CLICK
ijiu@example.net,92,CLICK
ijiu@example.net,111,CLICK
ijiu@example.net,122,CLICK
ijiu@example.net,125,VIEW
ijiu@example.net,129,CLICK
ijiu@example.net,132,CLICK
ijiu@example.net,133,CLICK
ijiu@example.net,138,CLICK
ijiu@example.net,142,CLICK
ijiu@example.net,143,VIEW
ijiu@example.net,146,CLICK
ijiu@example.net,149,CLICK
ijiu@example.net,151,VIEW
ijiu@example.net,152,CLICK
ijiu@example.net,153,CLICK
ijiu@example.net,154,CLICK
ijiu@example.net,165,CLICK
ijiu@example.net,166,CLICK
ijiu@example.net,176,VIEW
ijiu@example.net,187,CLICK
ijiu@example.net,190,CLICK
ijiu@example.net,197,VIEW
ijiu@example.net,198,VIEW
ijiu@example.net,199,CLICK
ijiu@example.net,206,CLICK
ijiu@example.net,209,CLICK
ijiu@example.net,210,CLICK
ijiu@example.net,214,CLICK
ijiu@example.net,217,CLICK
ijiu@example.net,221,CLICK
ijiu@example.net,222,VIEW
ijiu@example.net,227,CLICK
ijiu@example.net,230,VIEW
ijiu@example.net,231,CLICK
ijiu@example.net,233,VIEW
oim@example.net,1,CLICK
oim@example.net,3,CLICK
oim@example.net,5,CLICK
oim@example.net,8,VIEW
oim@example.net,9,VIEW
oim@example.net,12,CLICK
oim@example.net,13,CLICK
oim@example.net,19,VIEW
oim@example.net,20,CLICK
oim@example.net,21,VIEW
oim@example.net,22,CLICK
oim@example.net,23,CLICK
oim@example.net,32,VIEW
oim@example.net,33,CLICK
oim@example.net,35,CLICK
oim@example.net,37,VIEW
oim@example.net,42,CLICK
oim@example.net,44,CLICK
oim@example.net,45,CLICK
oim@example.net,48,CLICK
oim@example.net,50,CLICK
oim@example.net,51,CLICK
oim@example.net,56,CLICK
oim@example.net,60,CLICK
oim@example.net,61,VIEW
oim@example.net,62,CLICK
oim@example.net,64,CLICK
oim@example.net,67,CLICK
oim@example.net,71,CLICK
oim@example.net,72,CLICK
oim@example.net,75,VIEW
oim@example.net,78,CLICK
oim@example.net,89,CLICK
oim@example.net,95,CLICK
oim@example.net,111,CLICK
oim@example.net,112,CLICK
oim@example.net,114,CLICK
oim@example.net,115,CLICK
oim@example.net,118,CLICK
oim@example.net,119,CLICK
oim@example.net,120,CLICK
oim@example.net,122,PURCHASE
oim@example.net,125,VIEW
oim@example.net,128,VIEW
oim@example.net,130,CLICK
oim@example.net,131,VIEW
oim@example.net,140,CLICK
oim@example.net,142,CLICK
oim@example.net,143,CLICK
oim@example.net,146,PURCHASE
oim@example.net,149,CLICK
oim@example.net,151,VIEW
oim@example.net,153,CLICK
oim@example.net,154,CLICK
oim@example.net,159,VIEW
oim@example.net,160,CLICK
oim@example.net,165,PURCHASE
oim@example.net,166,PURCHASE
oim@example.net,169,CLICK
oim@example.net,171,CLICK
oim@example.net,176,VIEW
oim@example.net,177,CLICK
oim@example.net,178,VIEW
oim@example.net,188,CLICK
oim@example.net,189,VIEW
oim@example.net,190,CLICK
oim@example.net,191,CLICK
oim@example.net,196,VIEW
oim@example.net,197,CLICK
oim@example.net,198,CLICK
oim@example.net,201,CLICK
oim@example.net,209,PURCHASE
oim@example.net,210,PURCHASE
oim@example.net,214,CLICK
oim@example.net,215,CLICK
oim@example.net,217,CLICK
oim@example.net,222,CLICK
oim@example.net,225,CLICK
oim@example.net,230,VIEW
oim@example.net,231,VIEW
oim@example.net,233,VIEW
bagsangho@example.net,1,CLICK
bagsangho@example.net,9,CLICK
bagsangho@example.net,19,VIEW
bagsangho@example.net,28,CLICK
bagsangho@example.net,35,VIEW
bagsangho@example.net,45,CLICK
bagsangho@example.net,50,CLICK
bagsangho@example.net,51,CLICK
bagsangho@example.net,64,CLICK
bagsangho@example.net,73,CLICK
bagsangho@example.net,77,CLICK
bagsangho@example.net,78,VIEW
bagsangho@example.net,80,CLICK
bagsangho@example.net,84,CLICK
bagsangho@example.net,89,VIEW
bagsangho@example.net,92,CLICK
bagsangho@example.net,106,CLICK
bagsangho@example.net,111,CLICK
bagsangho@example.net,122,CLICK
bagsangho@example.net,125,VIEW
bagsangho@example.net,126,CLICK
bagsangho@example.net,138,CLICK
bagsangho@example.net,142,VIEW
bagsangho@example.net,143,CLICK
bagsangho@example.net,146,CLICK
bagsangho@example.net,149,CLICK
bagsangho@example.net,151,VIEW
bagsangho@example.net,153,CLICK
bagsangho@example.net,154,CLICK
bagsangho@example.net,159,CLICK
bagsangho@example.net,165,CLICK
bagsangho@example.net,166,CLICK
bagsangho@example.net,170,CLICK
bagsangho@example.net,176,VIEW
bagsangho@example.net,178,CLICK
bagsangho@example.net,181,CLICK
bagsangho@example.net,187,CLICK
bagsangho@example.net,189,CLICK
bagsangho@example.net,190,CLICK
bagsangho@example.net,196,CLICK
bagsangho@example.net,197,CLICK
bagsangho@example.net,198,CLICK
bagsangho@example.net,199,CLICK
bagsangho@example.net,206,CLICK
bagsangho@example.net,209,CLICK
bagsangho@example.net,210,CLICK
bagsangho@example.net,214,VIEW
bagsangho@example.net,217,CLICK
bagsangho@example.net,222,CLICK
bagsangho@example.net,230,VIEW
bagsangho@example.net,232,CLICK
bagsangho@example.net,233,VIEW
seongminjo@example.net,1,CLICK
seongminjo@example.net,12,CLICK
seongminjo@example.net,16,CLICK
seongminjo@example.net,17,CLICK
seongminjo@example.net,19,CLICK
seongminjo@example.net,21,CLICK
seongminjo@example.net,33,CLICK
seongminjo@example.net,37,CLICK
seongminjo@example.net,45,VIEW
seongminjo@example.net,50,VIEW
seongminjo@example.net,51,CLICK
seongminjo@example.net,54,CLICK
seongminjo@example.net,55,CLICK
seongminjo@example.net,56,CLICK
seongminjo@example.net,63,VIEW
seongminjo@example.net,64,VIEW
seongminjo@example.net,72,CLICK
seongminjo@example.net,73,CLICK
seongminjo@example.net,75,CLICK
seongminjo@example.net,76,VIEW
seongminjo@example.net,77,CLICK
seongminjo@example.net,84,CLICK
seongminjo@example.net,90,CLICK
seongminjo@example.net,106,CLICK
seongminjo@example.net,111,VIEW
seongminjo@example.net,115,CLICK
seongminjo@example.net,123,CLICK
seongminjo@example.net,125,CLICK
seongminjo@example.net,126,CLICK
seongminjo@example.net,128,CLICK
seongminjo@example.net,129,VIEW
seongminjo@example.net,131,CLICK
seongminjo@example.net,132,VIEW
seongminjo@example.net,133,VIEW
seongminjo@example.net,143,CLICK
seongminjo@example.net,149,VIEW
seongminjo@example.net,151,CLICK
seongminjo@example.net,152,VIEW
seongminjo@example.net,153,VIEW
seongminjo@example.net,154,VIEW
seongminjo@example.net,160,CLICK
seongminjo@example.net,170,CLICK
seongminjo@example.net,176,CLICK
seongminjo@example.net,180,CLICK
seongminjo@example.net,181,CLICK
seongminjo@example.net,186,CLICK
seongminjo@example.net,190,VIEW
seongminjo@example.net,191,CLICK
seongminjo@example.net,197,CLICK
seongminjo@example.net,198,CLICK
seongminjo@example.net,217,VIEW
seongminjo@example.net,221,VIEW
seongminjo@example.net,222,CLICK
seongminjo@example.net,227,VIEW
seongminjo@example.net,229,CLICK
seongminjo@example.net,230,CLICK
seongminjo@example.net,232,CLICK
seongminjo@example.net,233,CLICK
seoyunson@example.net,1,VIEW
seoyunson@example.net,8,CLICK
seoyunson@example.net,19,VIEW
seoyunson@example.net,28,CLICK
seoyunson@example.net,32,CLICK
seoyunson@example.net,35,CLICK
seoyunson@example.net,45,CLICK
seoyunson@example.net,50,CLICK
seoyunson@example.net,51,VIEW
seoyunson@example.net,61,CLICK
seoyunson@example.net,63,CLICK
seoyunson@example.net,64,CLICK
seoyunson@example.net,76,CLICK
seoyunson@example.net,78,CLICK
seoyunson@example.net,80,CLICK
seoyunson@example.net,89,CLICK
seoyunson@example.net,92,CLICK
seoyunson@example.net,111,CLICK
seoyunson@example.net,122,CLICK
seoyunson@example.net,125,VIEW
seoyunson@example.net,129,CLICK
seoyunson@example.net,132,CLICK
seoyunson@example.net,133,CLICK
seoyunson@example.net,138,CLICK
seoyunson@example.net,142,CLICK
seoyunson@example.net,143,VIEW
seoyunson@example.net,146,CLICK
seoyunson@example.net,149,CLICK
seoyunson@example.net,151,VIEW
seoyunson@example.net,152,CLICK
seoyunson@example.net,153,CLICK
seoyunson@example.net,154,CLICK
seoyunson@example.net,165,CLICK
seoyunson@example.net,166,CLICK
seoyunson@example.net,176,VIEW
seoyunson@example.net,187,CLICK
seoyunson@example.net,190,CLICK
seoyunson@example.net,197,VIEW
seoyunson@example.net,198,VIEW
seoyunson@example.net,199,CLICK
seoyunson@example.net,206,CLICK
seoyunson@example.net,209,CLICK
seoyunson@example.net,210,CLICK
seoyunson@example.net,214,CLICK
seoyunson@example.net,217,CLICK
seoyunson@example.net,221,CLICK
seoyunson@example.net,222,VIEW
seoyunson@example.net,227,CLICK
seoyunson@example.net,230,VIEW
seoyunson@example.net,231,CLICK
seoyunson@example.net,233,VIEW
gimjeongung@example.net,1,CLICK
gimjeongung@example.net,12,CLICK
gimjeongung@example.net,16,CLICK
gimjeongung@example.net,17,CLICK
gimjeongung@example.net,19,CLICK
gimjeongung@example.net,21,CLICK
gimjeongung@example.net,33,CLICK
gimjeongung@example.net,37,CLICK
gimjeongung@example.net,45,VIEW
gimjeongung@example.net,50,VIEW
gimjeongung@example.net,51,CLICK
gimjeongung@example.net,54,CLICK
gimjeongung@example.net,55,CLICK
gimjeongung@example.net,56,CLICK
gimjeongung@example.net,63,VIEW
gimjeongung@example.net,64,VIEW
gimjeongung@example.net,72,CLICK
gimjeongung@example.net,73,CLICK
gimjeongung@example.net,75,CLICK
gimjeongung@example.net,76,VIEW
gimjeongung@example.net,77,CLICK
gimjeongung@example.net,84,CLICK
gimjeongung@example.net,90,CLICK
gimjeongung@example.net,106,CLICK
gimjeongung@example.net,111,VIEW
gimjeongung@example.net,115,CLICK
gimjeongung@example.net,123,CLICK
gimjeongung@example.net,125,CLICK
gimjeongung@example.net,126,CLICK
gimjeongung@example.net,128,CLICK
gimjeongung@example.net,129,VIEW
gimjeongung@example.net,131,CLICK
gimjeongung@example.net,132,VIEW
gimjeongung@example.net,133,VIEW
gimjeongung@example.net,143,CLICK
gimjeongung@example.net,149,VIEW
gimjeongung@example.net,151,CLICK
gimjeongung@example.net,152,VIEW
gimjeongung@example.net,153,VIEW
gimjeongung@example.net,154,VIEW
gimjeongung@example.net,160,CLICK
gimjeongung@example.net,170,CLICK
gimjeongung@example.net,176,CLICK
gimjeongung@example.net,180,CLICK
gimjeongung@example.net,181,CLICK
gimjeongung@example.net,186,CLICK
gimjeongung@example.net,190,VIEW
gimjeongung@example.net,191,CLICK
gimjeongung@example.net,197,CLICK
gimjeongung@example.net,198,CLICK
gimjeongung@example.net,217,VIEW
gimjeongung@example.net,221,VIEW
gimjeongung@example.net,222,CLICK
gimjeongung@example.net,227,VIEW
gimjeongung@example.net,229,CLICK
gimjeongung@example.net,230,CLICK
gimjeongung@example.net,232,CLICK
gimjeongung@example.net,233,CLICK
jia38@example.net,4,CLICK
jia38@example.net,45,CLICK
jia38@example.net,50,CLICK
jia38@example.net,58,CLICK
jia38@example.net,64,CLICK
jia38@example.net,68,CLICK
jia38@example.net,100,CLICK
jia38@example.net,111,CLICK
jia38@example.net,135,CLICK
jia38@example.net,145,CLICK
jia38@example.net,149,CLICK
jia38@example.net,150,CLICK
jia38@example.net,153,CLICK
jia38@example.net,154,CLICK
jia38@example.net,190,CLICK
jia38@example.net,217,CLICK
jia38@example.net,220,CLICK
jgim@example.com,5,CLICK
jgim@example.com,7,CLICK
jgim@example.com,8,CLICK
jgim@example.com,12,VIEW
jgim@example.com,21,VIEW
jgim@example.com,22,CLICK
jgim@example.com,23,CLICK
jgim@example.com,32,CLICK
jgim@example.com,33,VIEW
jgim@example.com,37,VIEW
jgim@example.com,44,CLICK
jgim@example.com,45,CLICK
jgim@example.com,47,CLICK
jgim@example.com,48,CLICK
jgim@example.com,50,CLICK
jgim@example.com,53,CLICK
jgim@example.com,56,VIEW
jgim@example.com,57,CLICK
jgim@example.com,61,CLICK
jgim@example.com,63,CLICK
jgim@example.com,64,CLICK
jgim@example.com,69,CLICK
jgim@example.com,72,VIEW
jgim@example.com,74,CLICK
jgim@example.com,75,VIEW
jgim@example.com,76,CLICK
jgim@example.com,93,CLICK
jgim@example.com,111,CLICK
jgim@example.com,115,VIEW
jgim@example.com,118,CLICK
jgim@example.com,120,CLICK
jgim@example.com,122,CLICK
jgim@example.com,128,VIEW
jgim@example.com,129,CLICK
jgim@example.com,131,VIEW
jgim@example.com,132,CLICK
jgim@example.com,133,CLICK
jgim@example.com,140,CLICK
jgim@example.com,146,CLICK
jgim@example.com,147,CLICK
jgim@example.com,149,CLICK
jgim@example.com,152,CLICK
jgim@example.com,153,CLICK
jgim@example.com,154,CLICK
jgim@example.com,160,VIEW
jgim@example.com,165,CLICK
jgim@example.com,166,CLICK
jgim@example.com,169,CLICK
jgim@example.com,188,CLICK
jgim@example.com,190,CLICK
jgim@example.com,191,VIEW
jgim@example.com,209,CLICK
jgim@example.com,210,CLICK
jgim@example.com,217,CLICK
jgim@example.com,219,CLICK
jgim@example.com,221,CLICK
jgim@example.com,227,CLICK
jgim@example.com,231,CLICK
ogsun61@example.net,16,CLICK
ogsun61@example.net,17,CLICK
ogsun61@example.net,45,CLICK
ogsun61@example.net,50,CLICK
ogsun61@example.net,54,CLICK
ogsun61@example.net,55,CLICK
ogsun61@example.net,63,CLICK
ogsun61@example.net,64,CLICK
ogsun61@example.net,73,CLICK
ogsun61@example.net,76,CLICK
ogsun61@example.net,77,CLICK
ogsun61@example.net,84,CLICK
ogsun61@example.net,90,CLICK
ogsun61@example.net,106,CLICK
ogsun61@example.net,111,CLICK
ogsun61@example.net,123,CLICK
ogsun61@example.net,126,CLICK
ogsun61@example.net,129,CLICK
ogsun61@example.net,132,CLICK
ogsun61@example.net,133,CLICK
ogsun61@example.net,149,CLICK
ogsun61@example.net,152,CLICK
ogsun61@example.net,153,CLICK
ogsun61@example.net,154,CLICK
ogsun61@example.net,170,CLICK
ogsun61@example.net,180,CLICK
ogsun61@example.net,181,CLICK
ogsun61@example.net,186,CLICK
ogsun61@example.net,190,CLICK
ogsun61@example.net,217,CLICK
ogsun61@example.net,221,CLICK
ogsun61@example.net,227,CLICK
ogsun61@example.net,229,CLICK
ogsun61@example.net,232,CLICK
gimyeongil@example.net,3,CLICK
gimyeongil@example.net,13,CLICK
gimyeongil@example.net,20,CLICK
gimyeongil@example.net,60,CLICK
gimyeongil@example.net,62,CLICK
gimyeongil@example.net,67,CLICK
gimyeongil@example.net,114,CLICK
gimyeongil@example.net,122,CLICK
gimyeongil@example.net,146,CLICK
gimyeongil@example.net,165,CLICK
gimyeongil@example.net,166,CLICK
gimyeongil@example.net,177,CLICK
gimyeongil@example.net,209,CLICK
gimyeongil@example.net,210,CLICK
boram98@example.org,1,CLICK
boram98@example.org,3,CLICK
boram98@example.org,5,CLICK
boram98@example.org,8,VIEW
boram98@example.org,9,VIEW
boram98@example.org,12,CLICK
boram98@example.org,13,CLICK
boram98@example.org,19,VIEW
boram98@example.org,20,CLICK
boram98@example.org,21,VIEW
boram98@example.org,22,CLICK
boram98@example.org,23,CLICK
boram98@example.org,32,VIEW
boram98@example.org,33,CLICK
boram98@example.org,35,CLICK
boram98@example.org,37,VIEW
boram98@example.org,42,CLICK
boram98@example.org,44,CLICK
boram98@example.org,45,CLICK
boram98@example.org,48,CLICK
boram98@example.org,50,CLICK
boram98@example.org,51,CLICK
boram98@example.org,56,CLICK
boram98@example.org,60,CLICK
boram98@example.org,61,VIEW
boram98@example.org,62,CLICK
boram98@example.org,64,CLICK
boram98@example.org,67,CLICK
boram98@example.org,71,CLICK
boram98@example.org,72,CLICK
boram98@example.org,75,VIEW
boram98@example.org,78,CLICK
boram98@example.org,89,CLICK
boram98@example.org,95,CLICK
boram98@example.org,111,CLICK
boram98@example.org,112,CLICK
boram98@example.org,114,CLICK
boram98@example.org,115,CLICK
boram98@example.org,118,CLICK
boram98@example.org,119,CLICK
boram98@example.org,120,CLICK
boram98@example.org,122,PURCHASE
boram98@example.org,125,VIEW
boram98@example.org,128,VIEW
boram98@example.org,130,CLICK
boram98@example.org,131,VIEW
boram98@example.org,140,CLICK
boram98@example.org,142,CLICK
boram98@example.org,143,CLICK
boram98@example.org,146,PURCHASE
boram98@example.org,149,CLICK
boram98@example.org,151,VIEW
boram98@example.org,153,CLICK
boram98@example.org,154,CLICK
boram98@example.org,159,VIEW
boram98@example.org,160,CLICK
boram98@example.org,165,PURCHASE
boram98@example.org,166,PURCHASE
boram98@example.org,169,CLICK
boram98@example.org,171,CLICK
boram98@example.org,176,VIEW
boram98@example.org,177,CLICK
boram98@example.org,178,VIEW
boram98@example.org,188,CLICK
boram98@example.org,189,VIEW
boram98@example.org,190,CLICK
boram98@example.org,191,CLICK
boram98@example.org,196,VIEW
boram98@example.org,197,CLICK
boram98@example.org,198,CLICK
boram98@example.org,201,CLICK
boram98@example.org,209,PURCHASE
boram98@example.org,210,PURCHASE
boram98@example.org,214,CLICK
boram98@example.org,215,CLICK
boram98@example.org,217,CLICK
boram98@example.org,222,CLICK
boram98@example.org,225,CLICK
boram98@example.org,230,VIEW
boram98@example.org,231,VIEW
boram98@example.org,233,VIEW
eunseobag@example.org,4,CLICK
eunseobag@example.org,45,CLICK
eunseobag@example.org,50,CLICK
eunseobag@example.org,58,CLICK
eunseobag@example.org,64,CLICK
eunseobag@example.org,68,CLICK
eunseobag@example.org,100,CLICK
eunseobag@example.org,111,CLICK
eunseobag@example.org,135,CLICK
eunseobag@example.org,145,CLICK
eunseobag@example.org,149,CLICK
eunseobag@example.org,150,CLICK
eunseobag@example.org,153,CLICK
eunseobag@example.org,154,CLICK
eunseobag@example.org,190,CLICK
eunseobag@example.org,217,CLICK
eunseobag@example.org,220,CLICK
yeongil87@example.com,1,CLICK
yeongil87@example.com,19,CLICK
yeongil87@example.com,28,CLICK
yeongil87@example.com,35,CLICK
yeongil87@example.com,51,CLICK
yeongil87@example.com,78,CLICK
yeongil87@example.com,80,CLICK
yeongil87@example.com,89,CLICK
yeongil87@example.com,92,CLICK
yeongil87@example.com,125,CLICK
yeongil87@example.com,138,CLICK
yeongil87@example.com,142,CLICK
yeongil87@example.com,143,CLICK
yeongil87@example.com,151,CLICK
yeongil87@example.com,176,CLICK
yeongil87@example.com,187,CLICK
yeongil87@example.com,197,CLICK
yeongil87@example.com,198,CLICK
yeongil87@example.com,199,CLICK
yeongil87@example.com,206,CLICK
yeongil87@example.com,214,CLICK
yeongil87@example.com,222,CLICK
yeongil87@example.com,230,CLICK
yeongil87@example.com,233,CLICK
jeonghyi08@example.org,5,VIEW
jeonghyi08@example.org,7,CLICK
jeonghyi08@example.org,9,CLICK
jeonghyi08@example.org,12,CLICK
jeonghyi08@example.org,21,VIEW
jeonghyi08@example.org,22,VIEW
jeonghyi08@example.org,23,VIEW
jeonghyi08@example.org,33,CLICK
jeonghyi08@example.org,37,VIEW
jeonghyi08@example.org,44,VIEW
jeonghyi08@example.org,45,CLICK
jeonghyi08@example.org,47,CLICK
jeonghyi08@example.org,48,VIEW
jeonghyi08@example.org,50,CLICK
jeonghyi08@example.org,53,CLICK
jeonghyi08@example.org,56,CLICK
jeonghyi08@example.org,57,CLICK
jeonghyi08@example.org,64,CLICK
jeonghyi08@example.org,69,CLICK
jeonghyi08@example.org,72,CLICK
jeonghyi08@example.org,73,CLICK
jeonghyi08@example.org,74,CLICK
jeonghyi08@example.org,75,VIEW
jeonghyi08@example.org,77,CLICK
jeonghyi08@example.org,84,CLICK
jeonghyi08@example.org,93,CLICK
jeonghyi08@example.org,106,CLICK
jeonghyi08@example.org,111,CLICK
jeonghyi08@example.org,115,CLICK
jeonghyi08@example.org,118,VIEW
jeonghyi08@example.org,120,VIEW
jeonghyi08@example.org,122,CLICK
jeonghyi08@example.org,126,CLICK
jeonghyi08@example.org,128,VIEW
jeonghyi08@example.org,131,VIEW
jeonghyi08@example.org,140,VIEW
jeonghyi08@example.org,146,CLICK
jeonghyi08@example.org,147,CLICK
jeonghyi08@example.org,149,CLICK
jeonghyi08@example.org,153,CLICK
jeonghyi08@example.org,154,CLICK
jeonghyi08@example.org,159,CLICK
jeonghyi08@example.org,160,CLICK
jeonghyi08@example.org,165,CLICK
jeonghyi08@example.org,166,CLICK
jeonghyi08@example.org,169,VIEW
jeonghyi08@example.org,170,CLICK
jeonghyi08@example.org,178,CLICK
jeonghyi08@example.org,181,CLICK
jeonghyi08@example.org,188,VIEW
jeonghyi08@example.org,189,CLICK
jeonghyi08@example.org,190,CLICK
jeonghyi08@example.org,191,CLICK
jeonghyi08@example.org,196,CLICK
jeonghyi08@example.org,209,CLICK
jeonghyi08@example.org,210,CLICK
jeonghyi08@example.org,217,CLICK
jeonghyi08@example.org,219,CLICK
jeonghyi08@example.org,232,CLICK
igyeonghyi@example.com,1,VIEW
igyeonghyi@example.com,8,CLICK
igyeonghyi@example.com,9,CLICK
igyeonghyi@example.com,19,PURCHASE
igyeonghyi@example.com,21,CLICK
igyeonghyi@example.com,27,CLICK
igyeonghyi@example.com,28,CLICK
igyeonghyi@example.com,32,CLICK
igyeonghyi@example.com,35,VIEW
igyeonghyi@example.com,37,CLICK
igyeonghyi@example.com,41,CLICK
igyeonghyi@example.com,45,VIEW
igyeonghyi@example.com,50,VIEW
igyeonghyi@example.com,51,VIEW
igyeonghyi@example.com,61,CLICK
igyeonghyi@example.com,63,CLICK
igyeonghyi@example.com,64,VIEW
igyeonghyi@example.com,65,CLICK
igyeonghyi@example.com,73,CLICK
igyeonghyi@example.com,75,CLICK
igyeonghyi@example.com,76,CLICK
igyeonghyi@example.com,77,CLICK
igyeonghyi@example.com,78,VIEW
igyeonghyi@example.com,80,CLICK
igyeonghyi@example.com,84,CLICK
igyeonghyi@example.com,88,CLICK
igyeonghyi@example.com,89,VIEW
igyeonghyi@example.com,92,CLICK
igyeonghyi@example.com,102,CLICK
igyeonghyi@example.com,106,CLICK
igyeonghyi@example.com,111,VIEW
igyeonghyi@example.com,122,VIEW
igyeonghyi@example.com,125,PURCHASE
igyeonghyi@example.com,126,CLICK
igyeonghyi@example.com,128,CLICK
igyeonghyi@example.com,129,CLICK
igyeonghyi@example.com,131,CLICK
igyeonghyi@example.com,132,CLICK
igyeonghyi@example.com,133,CLICK
igyeonghyi@example.com,138,CLICK
igyeonghyi@example.com,142,VIEW
igyeonghyi@example.com,143,VIEW
igyeonghyi@example.com,146,VIEW
igyeonghyi@example.com,149,VIEW
igyeonghyi@example.com,151,PURCHASE
igyeonghyi@example.com,152,CLICK
igyeonghyi@example.com,153,VIEW
igyeonghyi@example.com,154,VIEW
igyeonghyi@example.com,159,CLICK
igyeonghyi@example.com,165,VIEW
igyeonghyi@example.com,166,VIEW
igyeonghyi@example.com,170,CLICK
igyeonghyi@example.com,176,PURCHASE
igyeonghyi@example.com,178,CLICK
igyeonghyi@example.com,181,CLICK
igyeonghyi@example.com,187,CLICK
igyeonghyi@example.com,189,CLICK
igyeonghyi@example.com,190,VIEW
igyeonghyi@example.com,196,CLICK
igyeonghyi@example.com,197,VIEW
igyeonghyi@example.com,198,VIEW
igyeonghyi@example.com,199,CLICK
igyeonghyi@example.com,206,CLICK
igyeonghyi@example.com,209,VIEW
igyeonghyi@example.com,210,VIEW
igyeonghyi@example.com,214,VIEW
igyeonghyi@example.com,217,VIEW
igyeonghyi@example.com,221,CLICK
igyeonghyi@example.com,222,VIEW
igyeonghyi@example.com,227,CLICK
igyeonghyi@example.com,230,PURCHASE
igyeonghyi@example.com,231,CLICK
igyeonghyi@example.com,232,CLICK
igyeonghyi@example.com,233,PURCHASE
myeongja19@example.net,5,CLICK
myeongja19@example.net,7,CLICK
myeongja19@example.net,8,CLICK
myeongja19@example.net,12,VIEW
myeongja19@example.net,21,VIEW
myeongja19@example.net,22,CLICK
myeongja19@example.net,23,CLICK
myeongja19@example.net,32,CLICK
myeongja19@example.net,33,VIEW
myeongja19@example.net,37,VIEW
myeongja19@example.net,44,CLICK
myeongja19@example.net,45,CLICK
myeongja19@example.net,47,CLICK
myeongja19@example.net,48,CLICK
myeongja19@example.net,50,CLICK
myeongja19@example.net,53,CLICK
myeongja19@example.net,56,VIEW
myeongja19@example.net,57,CLICK
myeongja19@example.net,61,CLICK
myeongja19@example.net,63,CLICK
myeongja19@example.net,64,CLICK
myeongja19@example.net,69,CLICK
myeongja19@example.net,72,VIEW
myeongja19@example.net,74,CLICK
myeongja19@example.net,75,VIEW
myeongja19@example.net,76,CLICK
myeongja19@example.net,93,CLICK
myeongja19@example.net,111,CLICK
myeongja19@example.net,115,VIEW
myeongja19@example.net,118,CLICK
myeongja19@example.net,120,CLICK
myeongja19@example.net,122,CLICK
myeongja19@example.net,128,VIEW
myeongja19@example.net,129,CLICK
myeongja19@example.net,131,VIEW
myeongja19@example.net,132,CLICK
myeongja19@example.net,133,CLICK
myeongja19@example.net,140,CLICK
myeongja19@example.net,146,CLICK
myeongja19@example.net,147,CLICK
myeongja19@example.net,149,CLICK
myeongja19@example.net,152,CLICK
myeongja19@example.net,153,CLICK
myeongja19@example.net,154,CLICK
myeongja19@example.net,160,VIEW
myeongja19@example.net,165,CLICK
myeongja19@example.net,166,CLICK
myeongja19@example.net,169,CLICK
myeongja19@example.net,188,CLICK
myeongja19@example.net,190,CLICK
myeongja19@example.net,191,VIEW
myeongja19@example.net,209,CLICK
myeongja19@example.net,210,CLICK
myeongja19@example.net,217,CLICK
myeongja19@example.net,219,CLICK
myeongja19@example.net,221,CLICK
myeongja19@example.net,227,CLICK
myeongja19@example.net,231,CLICK
