USER_ID,ITEM_ID,EVENT_TYPE,TIMESTAMP
rlwjddl1596@naver.com,1,CLICK,1692796964
rlwjddl1596@naver.com,4,CLICK,1715380318
rlwjddl1596@naver.com,5,PURCHASE,1691817621
rlwjddl1596@naver.com,12,PURCHASE,1719423691
rlwjddl1596@naver.com,16,PURCHASE,1700586097
rlwjddl1596@naver.com,17,ITEM_INTERACTION,1712074656
rlwjddl1596@naver.com,19,PURCHASE,1703095306
rlwjddl1596@naver.com,21,CLICK,1709673045
rlwjddl1596@naver.com,22,PURCHASE,1698091285
rlwjddl1596@naver.com,23,ITEM_INTERACTION,1714574803
rlwjddl1596@naver.com,33,PURCHASE,1714238862
rlwjddl1596@naver.com,35,PURCHASE,1692006332
rlwjddl1596@naver.com,37,ITEM_INTERACTION,1704970586
rlwjddl1596@naver.com,44,CLICK,1706186146
rlwjddl1596@naver.com,45,VIEW,1715609555
rlwjddl1596@naver.com,48,PURCHASE,1719329586
rlwjddl1596@naver.com,50,PURCHASE,1695387747
rlwjddl1596@naver.com,51,ITEM_INTERACTION,1712483341
rlwjddl1596@naver.com,54,PURCHASE,1712324839
rlwjddl1596@naver.com,55,PURCHASE,1700645107
rlwjddl1596@naver.com,56,ITEM_INTERACTION,1712480776
rlwjddl1596@naver.com,58,ITEM_INTERACTION,1710681264
rlwjddl1596@naver.com,63,ITEM_INTERACTION,1708478819
rlwjddl1596@naver.com,64,PURCHASE,1704204719
rlwjddl1596@naver.com,68,CLICK,1710586642
rlwjddl1596@naver.com,72,ITEM_INTERACTION,1717693599
rlwjddl1596@naver.com,73,CLICK,1719486479
rlwjddl1596@naver.com,75,PURCHASE,1708862106
rlwjddl1596@naver.com,76,CLICK,1697708876
rlwjddl1596@naver.com,77,CLICK,1698103613
rlwjddl1596@naver.com,78,PURCHASE,1693801436
rlwjddl1596@naver.com,84,PURCHASE,1700738370
rlwjddl1596@naver.com,89,CLICK,1703192328
rlwjddl1596@naver.com,90,ITEM_INTERACTION,1719624003
rlwjddl1596@naver.com,100,CLICK,1714970544
rlwjddl1596@naver.com,106,PURCHASE,1713019537
rlwjddl1596@naver.com,111,PURCHASE,1716574224
rlwjddl1596@naver.com,115,ITEM_INTERACTION,1710480564
rlwjddl1596@naver.com,118,PURCHASE,1696564549
rlwjddl1596@naver.com,120,CLICK,1703308818
rlwjddl1596@naver.com,122,PURCHASE,1691502159
rlwjddl1596@naver.com,123,VIEW,1719378619
rlwjddl1596@naver.com,125,CLICK,1706640681
rlwjddl1596@naver.com,126,PURCHASE,1694322201
rlwjddl1596@naver.com,128,PURCHASE,1714723771
rlwjddl1596@naver.com,129,CLICK,1708013106
rlwjddl1596@naver.com,131,ITEM_INTERACTION,1696708904
rlwjddl1596@naver.com,132,ITEM_INTERACTION,1714350085
rlwjddl1596@naver.com,133,ITEM_INTERACTION,1710955699
rlwjddl1596@naver.com,135,PURCHASE,1714418119
rlwjddl1596@naver.com,140,ITEM_INTERACTION,1695651440
rlwjddl1596@naver.com,142,VIEW,1700714850
rlwjddl1596@naver.com,143,VIEW,1703632911
rlwjddl1596@naver.com,145,VIEW,1716283260
rlwjddl1596@naver.com,146,CLICK,1712928430
rlwjddl1596@naver.com,149,VIEW,1710776870
rlwjddl1596@naver.com,150,PURCHASE,1703334004
rlwjddl1596@naver.com,151,ITEM_INTERACTION,1711021131
rlwjddl1596@naver.com,152,VIEW,1693970537
rlwjddl1596@naver.com,153,CLICK,1716529070
rlwjddl1596@naver.com,154,PURCHASE,1698336521
rlwjddl1596@naver.com,160,CLICK,1704169949
rlwjddl1596@naver.com,165,ITEM_INTERACTION,1709714671
rlwjddl1596@naver.com,166,VIEW,1706886277
rlwjddl1596@naver.com,169,CLICK,1707504706
rlwjddl1596@naver.com,170,ITEM_INTERACTION,1694558437
rlwjddl1596@naver.com,176,CLICK,1717454715
rlwjddl1596@naver.com,180,CLICK,1715034478
rlwjddl1596@naver.com,181,VIEW,1701172476
rlwjddl1596@naver.com,186,CLICK,1697536203
rlwjddl1596@naver.com,188,VIEW,1711512664
rlwjddl1596@naver.com,190,VIEW,1693973522
rlwjddl1596@naver.com,191,CLICK,1706624602
rlwjddl1596@naver.com,197,VIEW,1695419277
rlwjddl1596@naver.com,198,CLICK,1700701802
rlwjddl1596@naver.com,209,ITEM_INTERACTION,1703791164
rlwjddl1596@naver.com,210,ITEM_INTERACTION,1702326096
rlwjddl1596@naver.com,214,ITEM_INTERACTION,1716512923
rlwjddl1596@naver.com,217,VIEW,1690847679
rlwjddl1596@naver.com,220,CLICK,1719853355
rlwjddl1596@naver.com,221,PURCHASE,1711727410
rlwjddl1596@naver.com,222,CLICK,1699701265
rlwjddl1596@naver.com,227,PURCHASE,1709298968
rlwjddl1596@naver.com,229,ITEM_INTERACTION,1711304540
rlwjddl1596@naver.com,230,VIEW,1713880814
rlwjddl1596@naver.com,232,ITEM_INTERACTION,1716146029
rlwjddl1596@naver.com,233,PURCHASE,1716365301
rlwjddl234@gmail.com,19,VIEW,1704331982
rlwjddl234@gmail.com,27,CLICK,1700771242
rlwjddl234@gmail.com,41,CLICK,1707817020
rlwjddl234@gmail.com,65,VIEW,1690893591
rlwjddl234@gmail.com,88,VIEW,1700617170
rlwjddl234@gmail.com,102,CLICK,1718282417
rlwjddl234@gmail.com,125,PURCHASE,1714435376
rlwjddl234@gmail.com,151,ITEM_INTERACTION,1720258850
rlwjddl234@gmail.com,176,ITEM_INTERACTION,1702169958
rlwjddl234@gmail.com,230,CLICK,1700355685
rlwjddl234@gmail.com,233,CLICK,1697737915
yeongsig09@example.com,15,ITEM_INTERACTION,1696601058
yeongsig09@example.com,21,PURCHASE,1707828163
yeongsig09@example.com,37,CLICK,1709286817
yeongsig09@example.com,75,VIEW,1689741221
yeongsig09@example.com,96,PURCHASE,1704739640
yeongsig09@example.com,104,CLICK,1702560052
yeongsig09@example.com,105,VIEW,1720701309
yeongsig09@example.com,121,CLICK,1715251050
yeongsig09@example.com,127,PURCHASE,1719685859
yeongsig09@example.com,128,VIEW,1706509966
yeongsig09@example.com,131,CLICK,1703811356
yeongsig09@example.com,141,CLICK,1690504427
yeongsig09@example.com,155,ITEM_INTERACTION,1708568156
yeongsig09@example.com,161,VIEW,1708614816
yeongsig09@example.com,175,PURCHASE,1712101565
yeongsig09@example.com,202,PURCHASE,1699528864
yeongsig09@example.com,218,VIEW,1698267543
seonyeong52@example.com,3,ITEM_INTERACTION,1706147475
seonyeong52@example.com,13,VIEW,1703298664
seonyeong52@example.com,20,PURCHASE,1711898502
seonyeong52@example.com,60,ITEM_INTERACTION,1709932023
seonyeong52@example.com,62,VIEW,1713143327
seonyeong52@example.com,67,PURCHASE,1710422203
seonyeong52@example.com,114,VIEW,1707623590
seonyeong52@example.com,122,VIEW,1695833985
seonyeong52@example.com,146,ITEM_INTERACTION,1696271692
seonyeong52@example.com,165,CLICK,1700406174
seonyeong52@example.com,166,VIEW,1693642298
seonyeong52@example.com,177,VIEW,1692335797
seonyeong52@example.com,209,VIEW,1697405245
seonyeong52@example.com,210,ITEM_INTERACTION,1711856211
baggeonu@example.net,5,PURCHASE,1720538421
baggeonu@example.net,7,CLICK,1720592052
baggeonu@example.net,8,VIEW,1700689905
baggeonu@example.net,12,CLICK,1707033980
baggeonu@example.net,21,PURCHASE,1699692240
baggeonu@example.net,22,PURCHASE,1713656795
baggeonu@example.net,23,ITEM_INTERACTION,1696216429
baggeonu@example.net,32,CLICK,1703344843
baggeonu@example.net,33,VIEW,1698615860
baggeonu@example.net,37,CLICK,1702148812
baggeonu@example.net,44,CLICK,1700017460
baggeonu@example.net,45,PURCHASE,1700977788
baggeonu@example.net,47,VIEW,1704335921
baggeonu@example.net,48,CLICK,1692004420
baggeonu@example.net,50,CLICK,1714255790
baggeonu@example.net,53,ITEM_INTERACTION,1697067470
baggeonu@example.net,56,PURCHASE,1700174313
baggeonu@example.net,57,VIEW,1713150068
baggeonu@example.net,61,ITEM_INTERACTION,1713181603
baggeonu@example.net,63,CLICK,1691870375
baggeonu@example.net,64,CLICK,1699489388
baggeonu@example.net,69,CLICK,1695990909
baggeonu@example.net,72,CLICK,1694605940
baggeonu@example.net,74,ITEM_INTERACTION,1701511390
baggeonu@example.net,75,ITEM_INTERACTION,1708565441
baggeonu@example.net,76,VIEW,1714262121
baggeonu@example.net,93,PURCHASE,1693963615
baggeonu@example.net,111,VIEW,1711006794
baggeonu@example.net,115,ITEM_INTERACTION,1696770256
baggeonu@example.net,118,CLICK,1717954650
baggeonu@example.net,120,ITEM_INTERACTION,1692229984
baggeonu@example.net,122,CLICK,1719623832
baggeonu@example.net,128,VIEW,1701860968
baggeonu@example.net,129,VIEW,1703388361
baggeonu@example.net,131,VIEW,1700715264
baggeonu@example.net,132,ITEM_INTERACTION,1719175407
baggeonu@example.net,133,CLICK,1698728851
baggeonu@example.net,140,VIEW,1719950793
baggeonu@example.net,146,ITEM_INTERACTION,1702845503
baggeonu@example.net,147,ITEM_INTERACTION,1699879038
baggeonu@example.net,149,PURCHASE,1711554797
baggeonu@example.net,152,VIEW,1709089131
baggeonu@example.net,153,ITEM_INTERACTION,1720114759
baggeonu@example.net,154,ITEM_INTERACTION,1692351768
baggeonu@example.net,160,CLICK,1698486518
baggeonu@example.net,165,CLICK,1709382223
baggeonu@example.net,166,CLICK,1689464955
baggeonu@example.net,169,PURCHASE,1703714794
baggeonu@example.net,188,CLICK,1698403156
baggeonu@example.net,190,CLICK,1716063012
baggeonu@example.net,191,ITEM_INTERACTION,1701305746
baggeonu@example.net,209,VIEW,1706866234
baggeonu@example.net,210,CLICK,1710895022
baggeonu@example.net,217,VIEW,1699315863
baggeonu@example.net,219,PURCHASE,1707799282
baggeonu@example.net,221,ITEM_INTERACTION,1693500522
baggeonu@example.net,227,ITEM_INTERACTION,1702346414
baggeonu@example.net,231,ITEM_INTERACTION,1719218619
seunghyeon29@example.org,1,PURCHASE,1690572876
seunghyeon29@example.org,8,PURCHASE,1705221627
seunghyeon29@example.org,9,ITEM_INTERACTION,1701151667
seunghyeon29@example.org,19,CLICK,1707013289
seunghyeon29@example.org,21,ITEM_INTERACTION,1690992059
seunghyeon29@example.org,27,CLICK,1705505404
seunghyeon29@example.org,28,ITEM_INTERACTION,1713533231
seunghyeon29@example.org,32,VIEW,1708857671
seunghyeon29@example.org,35,CLICK,1710366666
seunghyeon29@example.org,37,ITEM_INTERACTION,1708162635
seunghyeon29@example.org,41,PURCHASE,1714484176
seunghyeon29@example.org,45,VIEW,1708622891
seunghyeon29@example.org,50,ITEM_INTERACTION,1713209022
seunghyeon29@example.org,51,VIEW,1717679611
seunghyeon29@example.org,61,VIEW,1695456033
seunghyeon29@example.org,63,ITEM_INTERACTION,1720644418
seunghyeon29@example.org,64,PURCHASE,1706762597
seunghyeon29@example.org,65,CLICK,1697199709
seunghyeon29@example.org,73,PURCHASE,1693148934
seunghyeon29@example.org,75,PURCHASE,1718271606
seunghyeon29@example.org,76,CLICK,1713057272
seunghyeon29@example.org,77,CLICK,1704160741
seunghyeon29@example.org,78,ITEM_INTERACTION,1709947116
seunghyeon29@example.org,80,ITEM_INTERACTION,1707404025
seunghyeon29@example.org,84,VIEW,1716758240
seunghyeon29@example.org,88,ITEM_INTERACTION,1705173767
seunghyeon29@example.org,89,ITEM_INTERACTION,1703373499
seunghyeon29@example.org,92,CLICK,1697173964
seunghyeon29@example.org,102,ITEM_INTERACTION,1705929465
seunghyeon29@example.org,106,ITEM_INTERACTION,1696344028
seunghyeon29@example.org,111,VIEW,1714788959
seunghyeon29@example.org,122,CLICK,1691520648
seunghyeon29@example.org,125,ITEM_INTERACTION,1718953628
seunghyeon29@example.org,126,ITEM_INTERACTION,1694143919
seunghyeon29@example.org,128,CLICK,1719791817
seunghyeon29@example.org,129,PURCHASE,1711183769
seunghyeon29@example.org,131,PURCHASE,1696895064
seunghyeon29@example.org,132,PURCHASE,1692729259
seunghyeon29@example.org,133,PURCHASE,1718902816
seunghyeon29@example.org,138,VIEW,1690270907
seunghyeon29@example.org,142,CLICK,1698042220
seunghyeon29@example.org,143,PURCHASE,1699533407
seunghyeon29@example.org,146,CLICK,1710879925
seunghyeon29@example.org,149,ITEM_INTERACTION,1710637674
seunghyeon29@example.org,151,CLICK,1718187982
seunghyeon29@example.org,152,PURCHASE,1692863115
seunghyeon29@example.org,153,CLICK,1699236821
seunghyeon29@example.org,154,VIEW,1707194815
seunghyeon29@example.org,159,ITEM_INTERACTION,1712432732
seunghyeon29@example.org,165,VIEW,1715231213
seunghyeon29@example.org,166,CLICK,1718452950
seunghyeon29@example.org,170,VIEW,1694769973
seunghyeon29@example.org,176,ITEM_INTERACTION,1709674952
seunghyeon29@example.org,178,PURCHASE,1717029720
seunghyeon29@example.org,181,VIEW,1698818828
seunghyeon29@example.org,187,ITEM_INTERACTION,1719284260
seunghyeon29@example.org,189,PURCHASE,1701636021
seunghyeon29@example.org,190,CLICK,1707256112
seunghyeon29@example.org,196,ITEM_INTERACTION,1697872938
seunghyeon29@example.org,197,CLICK,1697383112
seunghyeon29@example.org,198,ITEM_INTERACTION,1696729833
seunghyeon29@example.org,199,PURCHASE,1691269277
seunghyeon29@example.org,206,CLICK,1710463890
seunghyeon29@example.org,209,ITEM_INTERACTION,1712736113
seunghyeon29@example.org,210,VIEW,1701515170
seunghyeon29@example.org,214,VIEW,1703380942
seunghyeon29@example.org,217,ITEM_INTERACTION,1700155889
seunghyeon29@example.org,221,CLICK,1698632684
seunghyeon29@example.org,222,CLICK,1695722009
seunghyeon29@example.org,227,VIEW,1705832141
seunghyeon29@example.org,230,CLICK,1704537397
seunghyeon29@example.org,231,VIEW,1719602377
seunghyeon29@example.org,232,VIEW,1696827501
seunghyeon29@example.org,233,CLICK,1719330024
hongjinho@example.org,1,VIEW,1710243373
hongjinho@example.org,8,ITEM_INTERACTION,1709731642
hongjinho@example.org,19,VIEW,1708892603
hongjinho@example.org,28,CLICK,1705647846
hongjinho@example.org,32,VIEW,1704288440
hongjinho@example.org,35,VIEW,1717774029
hongjinho@example.org,45,CLICK,1711391571
hongjinho@example.org,50,PURCHASE,1720190939
hongjinho@example.org,51,VIEW,1699220735
hongjinho@example.org,61,ITEM_INTERACTION,1704757859
hongjinho@example.org,63,VIEW,1698435039
hongjinho@example.org,64,CLICK,1695639906
hongjinho@example.org,76,VIEW,1718800928
hongjinho@example.org,78,PURCHASE,1698632246
hongjinho@example.org,80,ITEM_INTERACTION,1707570147
hongjinho@example.org,89,CLICK,1699381494
hongjinho@example.org,92,ITEM_INTERACTION,1720266196
hongjinho@example.org,111,CLICK,1720283153
hongjinho@example.org,122,ITEM_INTERACTION,1699473147
hongjinho@example.org,125,CLICK,1690917040
hongjinho@example.org,129,CLICK,1704775647
hongjinho@example.org,132,PURCHASE,1700225823
hongjinho@example.org,133,VIEW,1694211224
hongjinho@example.org,138,ITEM_INTERACTION,1690428968
hongjinho@example.org,142,PURCHASE,1714699703
hongjinho@example.org,143,CLICK,1713320872
hongjinho@example.org,146,VIEW,1701941821
hongjinho@example.org,149,PURCHASE,1705909713
hongjinho@example.org,151,ITEM_INTERACTION,1713436571
hongjinho@example.org,152,VIEW,1705589481
hongjinho@example.org,153,ITEM_INTERACTION,1699221861
hongjinho@example.org,154,ITEM_INTERACTION,1719797254
hongjinho@example.org,165,VIEW,1715454049
hongjinho@example.org,166,PURCHASE,1712304176
hongjinho@example.org,176,PURCHASE,1698663913
hongjinho@example.org,187,CLICK,1692388306
hongjinho@example.org,190,PURCHASE,1706826283
hongjinho@example.org,197,PURCHASE,1717663486
hongjinho@example.org,198,VIEW,1710192579
hongjinho@example.org,199,PURCHASE,1712593686
hongjinho@example.org,206,PURCHASE,1720763478
hongjinho@example.org,209,PURCHASE,1717781924
hongjinho@example.org,210,PURCHASE,1697389956
hongjinho@example.org,214,VIEW,1706878114
hongjinho@example.org,217,CLICK,1705521047
hongjinho@example.org,221,CLICK,1702293444
hongjinho@example.org,222,PURCHASE,1705997564
hongjinho@example.org,227,CLICK,1716899988
hongjinho@example.org,230,ITEM_INTERACTION,1692580505
hongjinho@example.org,231,PURCHASE,1702911155
hongjinho@example.org,233,VIEW,1710229128
seongmin55@example.org,1,CLICK,1695799761
seongmin55@example.org,8,PURCHASE,1712629690
seongmin55@example.org,9,ITEM_INTERACTION,1713152674
seongmin55@example.org,19,ITEM_INTERACTION,1691836204
seongmin55@example.org,21,CLICK,1720321802
seongmin55@example.org,27,CLICK,1701131774
seongmin55@example.org,28,PURCHASE,1714932818
seongmin55@example.org,32,PURCHASE,1708456610
seongmin55@example.org,35,ITEM_INTERACTION,1698244305
seongmin55@example.org,37,CLICK,1701663156
seongmin55@example.org,41,PURCHASE,1716134383
seongmin55@example.org,45,CLICK,1702329371
seongmin55@example.org,50,VIEW,1704066379
seongmin55@example.org,51,VIEW,1717773954
seongmin55@example.org,61,ITEM_INTERACTION,1691390655
seongmin55@example.org,63,PURCHASE,1694676049
seongmin55@example.org,64,ITEM_INTERACTION,1712648514
seongmin55@example.org,65,CLICK,1711184976
seongmin55@example.org,73,ITEM_INTERACTION,1707155254
seongmin55@example.org,75,ITEM_INTERACTION,1701015157
seongmin55@example.org,76,PURCHASE,1696098711
seongmin55@example.org,77,ITEM_INTERACTION,1692752191
seongmin55@example.org,78,ITEM_INTERACTION,1700864898
seongmin55@example.org,80,VIEW,1712704529
seongmin55@example.org,84,VIEW,1717942796
seongmin55@example.org,88,CLICK,1692597901
seongmin55@example.org,89,CLICK,1713838541
seongmin55@example.org,92,ITEM_INTERACTION,1699767208
seongmin55@example.org,102,VIEW,1702981630
seongmin55@example.org,106,VIEW,1705822519
seongmin55@example.org,111,VIEW,1702167346
seongmin55@example.org,122,CLICK,1694778748
seongmin55@example.org,125,CLICK,1703441485
seongmin55@example.org,126,VIEW,1712387393
seongmin55@example.org,128,ITEM_INTERACTION,1712008540
seongmin55@example.org,129,CLICK,1716760650
seongmin55@example.org,131,CLICK,1705766490
seongmin55@example.org,132,ITEM_INTERACTION,1711984312
seongmin55@example.org,133,ITEM_INTERACTION,1698979034
seongmin55@example.org,138,CLICK,1711523376
seongmin55@example.org,142,VIEW,1700618644
seongmin55@example.org,143,PURCHASE,1693695133
seongmin55@example.org,146,PURCHASE,1695973221
seongmin55@example.org,149,CLICK,1711968061
seongmin55@example.org,151,VIEW,1691671521
seongmin55@example.org,152,ITEM_INTERACTION,1710813885
seongmin55@example.org,153,ITEM_INTERACTION,1709064921
seongmin55@example.org,154,VIEW,1719792647
seongmin55@example.org,159,VIEW,1693454264
seongmin55@example.org,165,CLICK,1717938459
seongmin55@example.org,166,VIEW,1689707978
seongmin55@example.org,170,CLICK,1705980974
seongmin55@example.org,176,ITEM_INTERACTION,1709647960
seongmin55@example.org,178,PURCHASE,1689673499
seongmin55@example.org,181,PURCHASE,1714325394
seongmin55@example.org,187,CLICK,1719517919
seongmin55@example.org,189,VIEW,1705392033
seongmin55@example.org,190,ITEM_INTERACTION,1691671822
seongmin55@example.org,196,CLICK,1705130853
seongmin55@example.org,197,VIEW,1708605893
seongmin55@example.org,198,CLICK,1696810149
seongmin55@example.org,199,CLICK,1705804580
seongmin55@example.org,206,ITEM_INTERACTION,1689369409
seongmin55@example.org,209,PURCHASE,1698387275
seongmin55@example.org,210,PURCHASE,1698490667
seongmin55@example.org,214,PURCHASE,1707323137
seongmin55@example.org,217,ITEM_INTERACTION,1697090358
seongmin55@example.org,221,PURCHASE,1712942913
seongmin55@example.org,222,CLICK,1691813383
seongmin55@example.org,227,ITEM_INTERACTION,1714167883
seongmin55@example.org,230,PURCHASE,1703737044
seongmin55@example.org,231,VIEW,1708421714
seongmin55@example.org,232,ITEM_INTERACTION,1716868567
seongmin55@example.org,233,VIEW,1706115268
ujang@example.org,1,VIEW,1701364643
ujang@example.org,12,VIEW,1691466660
ujang@example.org,16,PURCHASE,1698938785
ujang@example.org,17,VIEW,1709549835
ujang@example.org,19,VIEW,1698462776
ujang@example.org,21,CLICK,1715917397
ujang@example.org,33,VIEW,1714548024
ujang@example.org,37,PURCHASE,1695937915
ujang@example.org,45,CLICK,1694486295
ujang@example.org,50,CLICK,1715058962
ujang@example.org,51,VIEW,1702380958
ujang@example.org,54,ITEM_INTERACTION,1707409166
ujang@example.org,55,ITEM_INTERACTION,1708931602
ujang@example.org,56,VIEW,1689768310
ujang@example.org,63,ITEM_INTERACTION,1704894873
ujang@example.org,64,PURCHASE,1690998253
ujang@example.org,72,VIEW,1690216084
ujang@example.org,73,VIEW,1705174770
ujang@example.org,75,CLICK,1692031801
ujang@example.org,76,ITEM_INTERACTION,1707542932
ujang@example.org,77,ITEM_INTERACTION,1691303321
ujang@example.org,84,ITEM_INTERACTION,1690172164
ujang@example.org,90,CLICK,1718700372
ujang@example.org,106,VIEW,1692225276
ujang@example.org,111,PURCHASE,1692480257
ujang@example.org,115,PURCHASE,1712507745
ujang@example.org,123,CLICK,1702640780
ujang@example.org,125,PURCHASE,1714500581
ujang@example.org,126,ITEM_INTERACTION,1693942651
ujang@example.org,128,CLICK,1693598749
ujang@example.org,129,CLICK,1694991779
ujang@example.org,131,VIEW,1695538064
ujang@example.org,132,ITEM_INTERACTION,1715740128
ujang@example.org,133,VIEW,1705384510
ujang@example.org,143,VIEW,1696006156
ujang@example.org,149,ITEM_INTERACTION,1715293962
ujang@example.org,151,ITEM_INTERACTION,1697121235
ujang@example.org,152,ITEM_INTERACTION,1699792243
ujang@example.org,153,ITEM_INTERACTION,1701893266
ujang@example.org,154,ITEM_INTERACTION,1715066562
ujang@example.org,160,PURCHASE,1702282778
ujang@example.org,170,VIEW,1705272882
ujang@example.org,176,ITEM_INTERACTION,1700728404
ujang@example.org,180,CLICK,1711729058
ujang@example.org,181,ITEM_INTERACTION,1711672129
ujang@example.org,186,PURCHASE,1700618616
ujang@example.org,190,ITEM_INTERACTION,1703364344
ujang@example.org,191,ITEM_INTERACTION,1707028518
ujang@example.org,197,VIEW,1697918641
ujang@example.org,198,CLICK,1714228501
ujang@example.org,217,ITEM_INTERACTION,1709360311
ujang@example.org,221,ITEM_INTERACTION,1702260838
ujang@example.org,222,CLICK,1698692268
ujang@example.org,227,ITEM_INTERACTION,1719756844
ujang@example.org,229,VIEW,1689248162
ujang@example.org,230,VIEW,1706200307
ujang@example.org,232,ITEM_INTERACTION,1715726704
ujang@example.org,233,VIEW,1708987717
osangho@example.net,1,ITEM_INTERACTION,1719857033
osangho@example.net,3,CLICK,1714275085
osangho@example.net,5,PURCHASE,1698095630
osangho@example.net,8,VIEW,1693202476
osangho@example.net,9,CLICK,1710422066
osangho@example.net,12,VIEW,1698991362
osangho@example.net,13,PURCHASE,1696026016
osangho@example.net,19,PURCHASE,1690537797
osangho@example.net,20,VIEW,1689834512
osangho@example.net,21,ITEM_INTERACTION,1696975810
osangho@example.net,22,PURCHASE,1694041131
osangho@example.net,23,PURCHASE,1719907421
osangho@example.net,32,ITEM_INTERACTION,1706366352
osangho@example.net,33,VIEW,1706252064
osangho@example.net,35,CLICK,1704796594
osangho@example.net,37,VIEW,1697843205
osangho@example.net,42,VIEW,1698584197
osangho@example.net,44,CLICK,1702255394
osangho@example.net,45,VIEW,1712586780
osangho@example.net,48,ITEM_INTERACTION,1689290697
osangho@example.net,50,PURCHASE,1698588064
osangho@example.net,51,PURCHASE,1710639545
osangho@example.net,56,CLICK,1702556761
osangho@example.net,60,ITEM_INTERACTION,1715448914
osangho@example.net,61,VIEW,1691963927
osangho@example.net,62,VIEW,1717401827
osangho@example.net,64,PURCHASE,1704754609
osangho@example.net,67,ITEM_INTERACTION,1690228772
osangho@example.net,71,ITEM_INTERACTION,1706895316
osangho@example.net,72,VIEW,1699663100
osangho@example.net,75,ITEM_INTERACTION,1714086492
osangho@example.net,78,CLICK,1698690194
osangho@example.net,89,PURCHASE,1699348561
osangho@example.net,95,CLICK,1705253620
osangho@example.net,111,ITEM_INTERACTION,1699337488
osangho@example.net,112,ITEM_INTERACTION,1711243574
osangho@example.net,114,ITEM_INTERACTION,1715751317
osangho@example.net,115,CLICK,1690648754
osangho@example.net,118,ITEM_INTERACTION,1699566354
osangho@example.net,119,ITEM_INTERACTION,1700719563
osangho@example.net,120,CLICK,1714213433
osangho@example.net,122,CLICK,1693966351
osangho@example.net,125,VIEW,1696469068
osangho@example.net,128,CLICK,1707973876
osangho@example.net,130,PURCHASE,1693593673
osangho@example.net,131,PURCHASE,1716573708
osangho@example.net,140,ITEM_INTERACTION,1711015209
osangho@example.net,142,CLICK,1693671190
osangho@example.net,143,ITEM_INTERACTION,1718515279
osangho@example.net,146,PURCHASE,1712501321
osangho@example.net,149,VIEW,1719994108
osangho@example.net,151,PURCHASE,1719238317
osangho@example.net,153,CLICK,1702380155
osangho@example.net,154,VIEW,1704155705
osangho@example.net,159,VIEW,1711751592
osangho@example.net,160,PURCHASE,1708483970
osangho@example.net,165,ITEM_INTERACTION,1715965346
osangho@example.net,166,CLICK,1720494587
osangho@example.net,169,ITEM_INTERACTION,1707641507
osangho@example.net,171,CLICK,1696279800
osangho@example.net,176,ITEM_INTERACTION,1705923295
osangho@example.net,177,PURCHASE,1700763734
osangho@example.net,178,ITEM_INTERACTION,1716307032
osangho@example.net,188,VIEW,1700011928
osangho@example.net,189,CLICK,1694720586
osangho@example.net,190,CLICK,1703644205
osangho@example.net,191,ITEM_INTERACTION,1706850441
osangho@example.net,196,ITEM_INTERACTION,1704301594
osangho@example.net,197,CLICK,1719448303
osangho@example.net,198,CLICK,1697906180
osangho@example.net,201,CLICK,1705807730
osangho@example.net,209,VIEW,1690365010
osangho@example.net,210,ITEM_INTERACTION,1693827862
osangho@example.net,214,ITEM_INTERACTION,1709213330
osangho@example.net,215,PURCHASE,1713161287
osangho@example.net,217,CLICK,1695266861
osangho@example.net,222,ITEM_INTERACTION,1714047326
osangho@example.net,225,ITEM_INTERACTION,1699288614
osangho@example.net,230,PURCHASE,1697555222
osangho@example.net,231,PURCHASE,1696606506
osangho@example.net,233,PURCHASE,1697029008
ijiu@example.net,1,CLICK,1712160724
ijiu@example.net,8,CLICK,1701606811
ijiu@example.net,19,VIEW,1710180709
ijiu@example.net,28,PURCHASE,1712653087
ijiu@example.net,32,ITEM_INTERACTION,1697749655
ijiu@example.net,35,ITEM_INTERACTION,1710046178
ijiu@example.net,45,VIEW,1713499748
ijiu@example.net,50,VIEW,1692513222
ijiu@example.net,51,CLICK,1690643854
ijiu@example.net,61,ITEM_INTERACTION,1698595389
ijiu@example.net,63,CLICK,1715357127
ijiu@example.net,64,VIEW,1700018981
ijiu@example.net,76,CLICK,1699123649
ijiu@example.net,78,VIEW,1699699608
ijiu@example.net,80,PURCHASE,1711525649
ijiu@example.net,89,CLICK,1690997244
ijiu@example.net,92,ITEM_INTERACTION,1701352877
ijiu@example.net,111,PURCHASE,1695382131
ijiu@example.net,122,VIEW,1703971505
ijiu@example.net,125,PURCHASE,1716170614
ijiu@example.net,129,ITEM_INTERACTION,1718006438
ijiu@example.net,132,VIEW,1716047552
ijiu@example.net,133,VIEW,1697885467
ijiu@example.net,138,CLICK,1704407242
ijiu@example.net,142,ITEM_INTERACTION,1693406620
ijiu@example.net,143,PURCHASE,1711044745
ijiu@example.net,146,ITEM_INTERACTION,1692575155
ijiu@example.net,149,VIEW,1712112992
ijiu@example.net,151,ITEM_INTERACTION,1696850414
ijiu@example.net,152,CLICK,1708735964
ijiu@example.net,153,VIEW,1691718772
ijiu@example.net,154,PURCHASE,1712253365
ijiu@example.net,165,CLICK,1717364151
ijiu@example.net,166,VIEW,1720076536
ijiu@example.net,176,ITEM_INTERACTION,1695587723
ijiu@example.net,187,CLICK,1719464148
ijiu@example.net,190,CLICK,1712662073
ijiu@example.net,197,CLICK,1716773712
ijiu@example.net,198,ITEM_INTERACTION,1705604630
ijiu@example.net,199,PURCHASE,1704312237
ijiu@example.net,206,ITEM_INTERACTION,1689831903
ijiu@example.net,209,CLICK,1698384895
ijiu@example.net,210,ITEM_INTERACTION,1697660133
ijiu@example.net,214,PURCHASE,1689960652
ijiu@example.net,217,ITEM_INTERACTION,1700943091
ijiu@example.net,221,PURCHASE,1709949558
ijiu@example.net,222,CLICK,1715196040
ijiu@example.net,227,ITEM_INTERACTION,1707146749
ijiu@example.net,230,PURCHASE,1713658556
ijiu@example.net,231,VIEW,1720367817
ijiu@example.net,233,CLICK,1701624321
oim@example.net,1,VIEW,1707735034
oim@example.net,3,PURCHASE,1700638521
oim@example.net,5,VIEW,1705849113
oim@example.net,8,ITEM_INTERACTION,1702476835
oim@example.net,9,CLICK,1705357618
oim@example.net,12,VIEW,1706903625
oim@example.net,13,VIEW,1712928496
oim@example.net,19,PURCHASE,1694103058
oim@example.net,20,CLICK,1711934965
oim@example.net,21,ITEM_INTERACTION,1696617087
oim@example.net,22,VIEW,1705898099
oim@example.net,23,CLICK,1715307608
oim@example.net,32,PURCHASE,1709307990
oim@example.net,33,VIEW,1700326701
oim@example.net,35,PURCHASE,1695295666
oim@example.net,37,VIEW,1718705750
oim@example.net,42,CLICK,1719434631
oim@example.net,44,PURCHASE,1716631709
oim@example.net,45,ITEM_INTERACTION,1718574080
oim@example.net,48,VIEW,1709848942
oim@example.net,50,PURCHASE,1706844397
oim@example.net,51,ITEM_INTERACTION,1701742942
oim@example.net,56,VIEW,1714940941
oim@example.net,60,CLICK,1700213655
oim@example.net,61,ITEM_INTERACTION,1717886100
oim@example.net,62,VIEW,1718278918
oim@example.net,64,VIEW,1698896708
oim@example.net,67,CLICK,1714762645
oim@example.net,71,PURCHASE,1717092623
oim@example.net,72,CLICK,1695068065
oim@example.net,75,VIEW,1705487884
oim@example.net,78,ITEM_INTERACTION,1699037166
oim@example.net,89,ITEM_INTERACTION,1706673739
oim@example.net,95,VIEW,1712474374
oim@example.net,111,ITEM_INTERACTION,1712927157
oim@example.net,112,CLICK,1713467444
oim@example.net,114,VIEW,1696694690
oim@example.net,115,VIEW,1697012566
oim@example.net,118,CLICK,1698763703
oim@example.net,119,PURCHASE,1694261742
oim@example.net,120,PURCHASE,1696923774
oim@example.net,122,VIEW,1697319628
oim@example.net,125,ITEM_INTERACTION,1703897375
oim@example.net,128,PURCHASE,1695679233
oim@example.net,130,CLICK,1711047690
oim@example.net,131,ITEM_INTERACTION,1709599071
oim@example.net,140,PURCHASE,1690189993
oim@example.net,142,ITEM_INTERACTION,1703289158
oim@example.net,143,PURCHASE,1717225893
oim@example.net,146,PURCHASE,1697737745
oim@example.net,149,CLICK,1712058197
oim@example.net,151,ITEM_INTERACTION,1704305158
oim@example.net,153,PURCHASE,1711361741
oim@example.net,154,CLICK,1698579496
oim@example.net,159,PURCHASE,1701684168
oim@example.net,160,CLICK,1695048293
oim@example.net,165,CLICK,1714473249
oim@example.net,166,PURCHASE,1714555087
oim@example.net,169,PURCHASE,1689546031
oim@example.net,171,PURCHASE,1700603120
oim@example.net,176,ITEM_INTERACTION,1712905128
oim@example.net,177,PURCHASE,1698873199
oim@example.net,178,ITEM_INTERACTION,1718080641
oim@example.net,188,ITEM_INTERACTION,1692759303
oim@example.net,189,VIEW,1719056186
oim@example.net,190,CLICK,1698396820
oim@example.net,191,CLICK,1693755904
oim@example.net,196,CLICK,1695039794
oim@example.net,197,PURCHASE,1719472856
oim@example.net,198,VIEW,1706038802
oim@example.net,201,CLICK,1697269681
oim@example.net,209,ITEM_INTERACTION,1695727865
oim@example.net,210,PURCHASE,1696132534
oim@example.net,214,CLICK,1701216459
oim@example.net,215,PURCHASE,1692190086
oim@example.net,217,PURCHASE,1708766710
oim@example.net,222,ITEM_INTERACTION,1717475107
oim@example.net,225,ITEM_INTERACTION,1708392602
oim@example.net,230,ITEM_INTERACTION,1711696940
oim@example.net,231,CLICK,1708305293
oim@example.net,233,VIEW,1691954094
bagsangho@example.net,1,ITEM_INTERACTION,1690181408
bagsangho@example.net,9,CLICK,1706051263
bagsangho@example.net,19,ITEM_INTERACTION,1708797154
bagsangho@example.net,28,PURCHASE,1703774937
bagsangho@example.net,35,VIEW,1708124553
bagsangho@example.net,45,VIEW,1715379244
bagsangho@example.net,50,CLICK,1718925916
bagsangho@example.net,51,VIEW,1694709263
bagsangho@example.net,64,CLICK,1696603984
bagsangho@example.net,73,CLICK,1703048989
bagsangho@example.net,77,VIEW,1710157965
bagsangho@example.net,78,PURCHASE,1689335161
bagsangho@example.net,80,PURCHASE,1692090044
bagsangho@example.net,84,ITEM_INTERACTION,1705718719
bagsangho@example.net,89,CLICK,1698170411
bagsangho@example.net,92,PURCHASE,1693687819
bagsangho@example.net,106,PURCHASE,1698042228
bagsangho@example.net,111,CLICK,1695793865
bagsangho@example.net,122,PURCHASE,1695415098
bagsangho@example.net,125,VIEW,1692946827
bagsangho@example.net,126,VIEW,1700283906
bagsangho@example.net,138,PURCHASE,1699317470
bagsangho@example.net,142,PURCHASE,1712756280
bagsangho@example.net,143,CLICK,1692424300
bagsangho@example.net,146,ITEM_INTERACTION,1698266020
bagsangho@example.net,149,CLICK,1704032987
bagsangho@example.net,151,PURCHASE,1691923781
bagsangho@example.net,153,ITEM_INTERACTION,1716909105
bagsangho@example.net,154,CLICK,1714317012
bagsangho@example.net,159,PURCHASE,1719581389
bagsangho@example.net,165,PURCHASE,1689599807
bagsangho@example.net,166,PURCHASE,1696046395
bagsangho@example.net,170,VIEW,1700490444
bagsangho@example.net,176,VIEW,1714868998
bagsangho@example.net,178,VIEW,1707616697
bagsangho@example.net,181,CLICK,1717743982
bagsangho@example.net,187,CLICK,1700398750
bagsangho@example.net,189,ITEM_INTERACTION,1707918435
bagsangho@example.net,190,CLICK,1701247536
bagsangho@example.net,196,CLICK,1714142920
bagsangho@example.net,197,ITEM_INTERACTION,1689775543
bagsangho@example.net,198,PURCHASE,1718118954
bagsangho@example.net,199,ITEM_INTERACTION,1703259574
bagsangho@example.net,206,VIEW,1699497677
bagsangho@example.net,209,PURCHASE,1702258574
bagsangho@example.net,210,PURCHASE,1704684812
bagsangho@example.net,214,ITEM_INTERACTION,1713400577
bagsangho@example.net,217,CLICK,1710877263
bagsangho@example.net,222,VIEW,1707454264
bagsangho@example.net,230,CLICK,1691549643
bagsangho@example.net,232,VIEW,1691183591
bagsangho@example.net,233,VIEW,1702614773
seongminjo@example.net,1,VIEW,1711733238
seongminjo@example.net,12,PURCHASE,1697986755
seongminjo@example.net,16,VIEW,1717787686
seongminjo@example.net,17,ITEM_INTERACTION,1706800962
seongminjo@example.net,19,PURCHASE,1719418541
seongminjo@example.net,21,CLICK,1712842059
seongminjo@example.net,33,ITEM_INTERACTION,1720428795
seongminjo@example.net,37,CLICK,1708009547
seongminjo@example.net,45,ITEM_INTERACTION,1707193344
seongminjo@example.net,50,PURCHASE,1691062487
seongminjo@example.net,51,VIEW,1718038222
seongminjo@example.net,54,ITEM_INTERACTION,1704742556
seongminjo@example.net,55,VIEW,1700902097
seongminjo@example.net,56,ITEM_INTERACTION,1718867115
seongminjo@example.net,63,CLICK,1714240742
seongminjo@example.net,64,PURCHASE,1719212163
seongminjo@example.net,72,CLICK,1705522990
seongminjo@example.net,73,PURCHASE,1716493514
seongminjo@example.net,75,PURCHASE,1708697172
seongminjo@example.net,76,ITEM_INTERACTION,1715830765
seongminjo@example.net,77,ITEM_INTERACTION,1699171922
seongminjo@example.net,84,CLICK,1695931444
seongminjo@example.net,90,ITEM_INTERACTION,1716904204
seongminjo@example.net,106,VIEW,1712325676
seongminjo@example.net,111,ITEM_INTERACTION,1696005471
seongminjo@example.net,115,VIEW,1695493576
seongminjo@example.net,123,ITEM_INTERACTION,1695777037
seongminjo@example.net,125,PURCHASE,1692296431
seongminjo@example.net,126,PURCHASE,1713748632
seongminjo@example.net,128,CLICK,1709331405
seongminjo@example.net,129,VIEW,1697837070
seongminjo@example.net,131,PURCHASE,1714917848
seongminjo@example.net,132,PURCHASE,1699276598
seongminjo@example.net,133,PURCHASE,1709439089
seongminjo@example.net,143,CLICK,1714451639
seongminjo@example.net,149,VIEW,1694642921
seongminjo@example.net,151,PURCHASE,1711508307
seongminjo@example.net,152,PURCHASE,1713836252
seongminjo@example.net,153,PURCHASE,1716849599
seongminjo@example.net,154,PURCHASE,1703016404
seongminjo@example.net,160,ITEM_INTERACTION,1708965130
seongminjo@example.net,170,CLICK,1698857072
seongminjo@example.net,176,CLICK,1711624604
seongminjo@example.net,180,PURCHASE,1702099365
seongminjo@example.net,181,ITEM_INTERACTION,1696093589
seongminjo@example.net,186,ITEM_INTERACTION,1706914662
seongminjo@example.net,190,CLICK,1706157895
seongminjo@example.net,191,CLICK,1691025155
seongminjo@example.net,197,VIEW,1695236132
seongminjo@example.net,198,ITEM_INTERACTION,1707154936
seongminjo@example.net,217,ITEM_INTERACTION,1696145460
seongminjo@example.net,221,PURCHASE,1715695811
seongminjo@example.net,222,PURCHASE,1699903436
seongminjo@example.net,227,PURCHASE,1717096236
seongminjo@example.net,229,CLICK,1714670570
seongminjo@example.net,230,PURCHASE,1697925730
seongminjo@example.net,232,CLICK,1692327063
seongminjo@example.net,233,ITEM_INTERACTION,1720215009
seoyunson@example.net,1,VIEW,1720241291
seoyunson@example.net,8,ITEM_INTERACTION,1708616643
seoyunson@example.net,19,ITEM_INTERACTION,1697244674
seoyunson@example.net,28,PURCHASE,1711092789
seoyunson@example.net,32,VIEW,1694583130
seoyunson@example.net,35,VIEW,1695407645
seoyunson@example.net,45,PURCHASE,1706821216
seoyunson@example.net,50,CLICK,1695701025
seoyunson@example.net,51,ITEM_INTERACTION,1696787077
seoyunson@example.net,61,CLICK,1703645181
seoyunson@example.net,63,PURCHASE,1703578828
seoyunson@example.net,64,ITEM_INTERACTION,1705937234
seoyunson@example.net,76,PURCHASE,1695134515
seoyunson@example.net,78,CLICK,1707057661
seoyunson@example.net,80,CLICK,1709183336
seoyunson@example.net,89,VIEW,1694056593
seoyunson@example.net,92,PURCHASE,1715594607
seoyunson@example.net,111,PURCHASE,1712363970
seoyunson@example.net,122,VIEW,1700849130
seoyunson@example.net,125,CLICK,1705820507
seoyunson@example.net,129,PURCHASE,1710548662
seoyunson@example.net,132,PURCHASE,1697959741
seoyunson@example.net,133,PURCHASE,1713140675
seoyunson@example.net,138,CLICK,1717238877
seoyunson@example.net,142,VIEW,1704917099
seoyunson@example.net,143,CLICK,1708866932
seoyunson@example.net,146,CLICK,1699445114
seoyunson@example.net,149,VIEW,1720365787
seoyunson@example.net,151,VIEW,1697963115
seoyunson@example.net,152,CLICK,1712034858
seoyunson@example.net,153,CLICK,1710339285
seoyunson@example.net,154,VIEW,1693776814
seoyunson@example.net,165,CLICK,1704812341
seoyunson@example.net,166,ITEM_INTERACTION,1719661890
seoyunson@example.net,176,PURCHASE,1709844443
seoyunson@example.net,187,ITEM_INTERACTION,1709266476
seoyunson@example.net,190,PURCHASE,1715341130
seoyunson@example.net,197,PURCHASE,1691525208
seoyunson@example.net,198,PURCHASE,1702788318
seoyunson@example.net,199,CLICK,1699944356
seoyunson@example.net,206,PURCHASE,1714879066
seoyunson@example.net,209,VIEW,1715079798
seoyunson@example.net,210,PURCHASE,1709107410
seoyunson@example.net,214,PURCHASE,1710710248
seoyunson@example.net,217,CLICK,1694010603
seoyunson@example.net,221,PURCHASE,1706615148
seoyunson@example.net,222,VIEW,1716621587
seoyunson@example.net,227,PURCHASE,1698247841
seoyunson@example.net,230,PURCHASE,1703491922
seoyunson@example.net,231,CLICK,1715370386
seoyunson@example.net,233,CLICK,1689488355
gimjeongung@example.net,1,VIEW,1700177205
gimjeongung@example.net,12,CLICK,1704732838
gimjeongung@example.net,16,PURCHASE,1710925998
gimjeongung@example.net,17,ITEM_INTERACTION,1718156633
gimjeongung@example.net,19,VIEW,1690636803
gimjeongung@example.net,21,VIEW,1717889340
gimjeongung@example.net,33,PURCHASE,1706472238
gimjeongung@example.net,37,PURCHASE,1719976418
gimjeongung@example.net,45,PURCHASE,1692399960
gimjeongung@example.net,50,PURCHASE,1691164368
gimjeongung@example.net,51,VIEW,1719769839
gimjeongung@example.net,54,VIEW,1717609369
gimjeongung@example.net,55,CLICK,1719753129
gimjeongung@example.net,56,VIEW,1701836744
gimjeongung@example.net,63,ITEM_INTERACTION,1700723394
gimjeongung@example.net,64,PURCHASE,1714048105
gimjeongung@example.net,72,PURCHASE,1699824950
gimjeongung@example.net,73,CLICK,1719396979
gimjeongung@example.net,75,ITEM_INTERACTION,1714243842
gimjeongung@example.net,76,PURCHASE,1699724205
gimjeongung@example.net,77,PURCHASE,1713670644
gimjeongung@example.net,84,ITEM_INTERACTION,1717464431
gimjeongung@example.net,90,ITEM_INTERACTION,1693860396
gimjeongung@example.net,106,PURCHASE,1717373731
gimjeongung@example.net,111,VIEW,1703480374
gimjeongung@example.net,115,PURCHASE,1712274678
gimjeongung@example.net,123,CLICK,1720560268
gimjeongung@example.net,125,PURCHASE,1699501443
gimjeongung@example.net,126,CLICK,1695038254
gimjeongung@example.net,128,PURCHASE,1713893580
gimjeongung@example.net,129,ITEM_INTERACTION,1695006078
gimjeongung@example.net,131,ITEM_INTERACTION,1700479853
gimjeongung@example.net,132,ITEM_INTERACTION,1698128052
gimjeongung@example.net,133,VIEW,1698607025
gimjeongung@example.net,143,ITEM_INTERACTION,1715388856
gimjeongung@example.net,149,VIEW,1695446376
gimjeongung@example.net,151,PURCHASE,1720358712
gimjeongung@example.net,152,CLICK,1695912943
gimjeongung@example.net,153,PURCHASE,1689276286
gimjeongung@example.net,154,VIEW,1713181294
gimjeongung@example.net,160,ITEM_INTERACTION,1713507295
gimjeongung@example.net,170,ITEM_INTERACTION,1719099609
gimjeongung@example.net,176,ITEM_INTERACTION,1695198917
gimjeongung@example.net,180,CLICK,1704161456
gimjeongung@example.net,181,VIEW,1718383278
gimjeongung@example.net,186,CLICK,1713571258
gimjeongung@example.net,190,CLICK,1704419297
gimjeongung@example.net,191,ITEM_INTERACTION,1708220099
gimjeongung@example.net,197,ITEM_INTERACTION,1711109167
gimjeongung@example.net,198,CLICK,1715948111
gimjeongung@example.net,217,PURCHASE,1692734887
gimjeongung@example.net,221,VIEW,1707075379
gimjeongung@example.net,222,ITEM_INTERACTION,1700095959
gimjeongung@example.net,227,ITEM_INTERACTION,1690006924
gimjeongung@example.net,229,CLICK,1693405897
gimjeongung@example.net,230,ITEM_INTERACTION,1718079734
gimjeongung@example.net,232,PURCHASE,1710518582
gimjeongung@example.net,233,CLICK,1709284381
jia38@example.net,4,CLICK,1711525827
jia38@example.net,45,VIEW,1720233592
jia38@example.net,50,CLICK,1711232458
jia38@example.net,58,CLICK,1717678451
jia38@example.net,64,ITEM_INTERACTION,1701205597
jia38@example.net,68,ITEM_INTERACTION,1713265830
jia38@example.net,100,VIEW,1703437171
jia38@example.net,111,VIEW,1702555128
jia38@example.net,135,CLICK,1717060014
jia38@example.net,145,VIEW,1697792584
jia38@example.net,149,CLICK,1701137155
jia38@example.net,150,VIEW,1717210966
jia38@example.net,153,ITEM_INTERACTION,1705965011
jia38@example.net,154,VIEW,1720003600
jia38@example.net,190,PURCHASE,1716473180
jia38@example.net,217,VIEW,1718704472
jia38@example.net,220,CLICK,1696168486
jgim@example.com,5,ITEM_INTERACTION,1707587498
jgim@example.com,7,VIEW,1716008495
jgim@example.com,8,CLICK,1713211303
jgim@example.com,12,VIEW,1709693255
jgim@example.com,21,ITEM_INTERACTION,1708166716
jgim@example.com,22,ITEM_INTERACTION,1699485840
jgim@example.com,23,VIEW,1690650219
jgim@example.com,32,PURCHASE,1711162618
jgim@example.com,33,PURCHASE,1713130841
jgim@example.com,37,PURCHASE,1692145478
jgim@example.com,44,CLICK,1717387774
jgim@example.com,45,VIEW,1694140893
jgim@example.com,47,PURCHASE,1692288619
jgim@example.com,48,CLICK,1711976678
jgim@example.com,50,VIEW,1702905304
jgim@example.com,53,PURCHASE,1692432105
jgim@example.com,56,ITEM_INTERACTION,1699901728
jgim@example.com,57,CLICK,1710715571
jgim@example.com,61,PURCHASE,1697490528
jgim@example.com,63,PURCHASE,1710959634
jgim@example.com,64,PURCHASE,1717330276
jgim@example.com,69,VIEW,1700284820
jgim@example.com,72,CLICK,1711456957
jgim@example.com,74,CLICK,1705795042
jgim@example.com,75,PURCHASE,1713752159
jgim@example.com,76,CLICK,1708693756
jgim@example.com,93,VIEW,1701205855
jgim@example.com,111,VIEW,1695613777
jgim@example.com,115,CLICK,1698826845
jgim@example.com,118,ITEM_INTERACTION,1698734743
jgim@example.com,120,VIEW,1718066110
jgim@example.com,122,CLICK,1693993292
jgim@example.com,128,CLICK,1699737206
jgim@example.com,129,VIEW,1714313314
jgim@example.com,131,CLICK,1694926150
jgim@example.com,132,PURCHASE,1694290039
jgim@example.com,133,VIEW,1694277436
jgim@example.com,140,PURCHASE,1711283832
jgim@example.com,146,ITEM_INTERACTION,1697527034
jgim@example.com,147,VIEW,1716901389
jgim@example.com,149,VIEW,1698469221
jgim@example.com,152,ITEM_INTERACTION,1692377617
jgim@example.com,153,CLICK,1703616290
jgim@example.com,154,PURCHASE,1713796752
jgim@example.com,160,ITEM_INTERACTION,1709865732
jgim@example.com,165,ITEM_INTERACTION,1712130511
jgim@example.com,166,ITEM_INTERACTION,1711227887
jgim@example.com,169,CLICK,1704011902
jgim@example.com,188,CLICK,1702002856
jgim@example.com,190,CLICK,1699589394
jgim@example.com,191,VIEW,1716827556
jgim@example.com,209,VIEW,1713930538
jgim@example.com,210,VIEW,1702274498
jgim@example.com,217,PURCHASE,1713231251
jgim@example.com,219,PURCHASE,1716704068
jgim@example.com,221,PURCHASE,1716956433
jgim@example.com,227,PURCHASE,1694024864
jgim@example.com,231,VIEW,1712816414
ogsun61@example.net,16,CLICK,1695227343
ogsun61@example.net,17,VIEW,1691237050
ogsun61@example.net,45,ITEM_INTERACTION,1719082555
ogsun61@example.net,50,VIEW,1693548601
ogsun61@example.net,54,CLICK,1707540526
ogsun61@example.net,55,ITEM_INTERACTION,1694280540
ogsun61@example.net,63,VIEW,1716114247
ogsun61@example.net,64,PURCHASE,1717881405
ogsun61@example.net,73,ITEM_INTERACTION,1718862056
ogsun61@example.net,76,CLICK,1718374301
ogsun61@example.net,77,ITEM_INTERACTION,1690654678
ogsun61@example.net,84,ITEM_INTERACTION,1701618538
ogsun61@example.net,90,PURCHASE,1690994301
ogsun61@example.net,106,CLICK,1714996618
ogsun61@example.net,111,VIEW,1696851361
ogsun61@example.net,123,PURCHASE,1689487476
ogsun61@example.net,126,VIEW,1703076211
ogsun61@example.net,129,ITEM_INTERACTION,1711130736
ogsun61@example.net,132,ITEM_INTERACTION,1692675439
ogsun61@example.net,133,VIEW,1711236077
ogsun61@example.net,149,CLICK,1701506918
ogsun61@example.net,152,PURCHASE,1716663443
ogsun61@example.net,153,ITEM_INTERACTION,1714226923
ogsun61@example.net,154,CLICK,1705439607
ogsun61@example.net,170,ITEM_INTERACTION,1698483226
ogsun61@example.net,180,PURCHASE,1698494748
ogsun61@example.net,181,VIEW,1704573715
ogsun61@example.net,186,ITEM_INTERACTION,1720213524
ogsun61@example.net,190,ITEM_INTERACTION,1718834992
ogsun61@example.net,217,PURCHASE,1692895170
ogsun61@example.net,221,PURCHASE,1705971461
ogsun61@example.net,227,ITEM_INTERACTION,1707777873
ogsun61@example.net,229,ITEM_INTERACTION,1691674751
ogsun61@example.net,232,PURCHASE,1701805718
gimyeongil@example.net,3,VIEW,1706719141
gimyeongil@example.net,13,CLICK,1694217243
gimyeongil@example.net,20,ITEM_INTERACTION,1709947497
gimyeongil@example.net,60,CLICK,1715268522
gimyeongil@example.net,62,PURCHASE,1698646473
gimyeongil@example.net,67,CLICK,1698539753
gimyeongil@example.net,114,PURCHASE,1718992871
gimyeongil@example.net,122,CLICK,1711714714
gimyeongil@example.net,146,PURCHASE,1698848699
gimyeongil@example.net,165,PURCHASE,1698949746
gimyeongil@example.net,166,PURCHASE,1697510930
gimyeongil@example.net,177,PURCHASE,1714244977
gimyeongil@example.net,209,CLICK,1701510822
gimyeongil@example.net,210,PURCHASE,1696753341
boram98@example.org,1,PURCHASE,1704634337
boram98@example.org,3,PURCHASE,1714650000
boram98@example.org,5,ITEM_INTERACTION,1711250621
boram98@example.org,8,PURCHASE,1702392391
boram98@example.org,9,CLICK,1710891701
boram98@example.org,12,ITEM_INTERACTION,1692527000
boram98@example.org,13,ITEM_INTERACTION,1712041184
boram98@example.org,19,ITEM_INTERACTION,1706490780
boram98@example.org,20,ITEM_INTERACTION,1702749514
boram98@example.org,21,PURCHASE,1716097105
boram98@example.org,22,VIEW,1698451126
boram98@example.org,23,ITEM_INTERACTION,1712140275
boram98@example.org,32,PURCHASE,1706220178
boram98@example.org,33,VIEW,1715352891
boram98@example.org,35,PURCHASE,1701576224
boram98@example.org,37,VIEW,1691629368
boram98@example.org,42,CLICK,1714556213
boram98@example.org,44,VIEW,1719088230
boram98@example.org,45,CLICK,1716052169
boram98@example.org,48,ITEM_INTERACTION,1715591850
boram98@example.org,50,CLICK,1701139511
boram98@example.org,51,CLICK,1712169930
boram98@example.org,56,CLICK,1711654521
boram98@example.org,60,PURCHASE,1691225995
boram98@example.org,61,PURCHASE,1703021182
boram98@example.org,62,PURCHASE,1719337474
boram98@example.org,64,ITEM_INTERACTION,1699748433
boram98@example.org,67,ITEM_INTERACTION,1692175295
boram98@example.org,71,PURCHASE,1697375763
boram98@example.org,72,PURCHASE,1703224954
boram98@example.org,75,PURCHASE,1707943217
boram98@example.org,78,VIEW,1696990474
boram98@example.org,89,VIEW,1699414160
boram98@example.org,95,ITEM_INTERACTION,1707250289
boram98@example.org,111,ITEM_INTERACTION,1709197306
boram98@example.org,112,ITEM_INTERACTION,1716115627
boram98@example.org,114,PURCHASE,1699555145
boram98@example.org,115,CLICK,1699158942
boram98@example.org,118,CLICK,1700686571
boram98@example.org,119,CLICK,1699344912
boram98@example.org,120,VIEW,1708582842
boram98@example.org,122,ITEM_INTERACTION,1714277467
boram98@example.org,125,PURCHASE,1711892098
boram98@example.org,128,VIEW,1695198289
boram98@example.org,130,CLICK,1719638125
boram98@example.org,131,VIEW,1702487621
boram98@example.org,140,CLICK,1716027457
boram98@example.org,142,PURCHASE,1713695399
boram98@example.org,143,ITEM_INTERACTION,1695462848
boram98@example.org,146,VIEW,1716666289
boram98@example.org,149,ITEM_INTERACTION,1691811514
boram98@example.org,151,CLICK,1714131227
boram98@example.org,153,PURCHASE,1697368297
boram98@example.org,154,CLICK,1699303261
boram98@example.org,159,ITEM_INTERACTION,1691196341
boram98@example.org,160,CLICK,1707542109
boram98@example.org,165,PURCHASE,1694801895
boram98@example.org,166,PURCHASE,1706911731
boram98@example.org,169,VIEW,1701556316
boram98@example.org,171,PURCHASE,1703716719
boram98@example.org,176,ITEM_INTERACTION,1698837363
boram98@example.org,177,ITEM_INTERACTION,1716055298
boram98@example.org,178,ITEM_INTERACTION,1693671581
boram98@example.org,188,ITEM_INTERACTION,1699550999
boram98@example.org,189,CLICK,1693356744
boram98@example.org,190,VIEW,1700277811
boram98@example.org,191,PURCHASE,1699147422
boram98@example.org,196,VIEW,1720110121
boram98@example.org,197,PURCHASE,1691630100
boram98@example.org,198,CLICK,1717619826
boram98@example.org,201,VIEW,1704528507
boram98@example.org,209,ITEM_INTERACTION,1709963748
boram98@example.org,210,PURCHASE,1720071946
boram98@example.org,214,PURCHASE,1719068016
boram98@example.org,215,VIEW,1709068590
boram98@example.org,217,PURCHASE,1703203020
boram98@example.org,222,PURCHASE,1701352210
boram98@example.org,225,ITEM_INTERACTION,1710804984
boram98@example.org,230,PURCHASE,1694254607
boram98@example.org,231,CLICK,1718828920
boram98@example.org,233,VIEW,1697652822
eunseobag@example.org,4,CLICK,1709782792
eunseobag@example.org,45,ITEM_INTERACTION,1696984615
eunseobag@example.org,50,VIEW,1710395731
eunseobag@example.org,58,PURCHASE,1696794951
eunseobag@example.org,64,ITEM_INTERACTION,1691685859
eunseobag@example.org,68,CLICK,1693639340
eunseobag@example.org,100,VIEW,1696396996
eunseobag@example.org,111,VIEW,1717214747
eunseobag@example.org,135,PURCHASE,1718745267
eunseobag@example.org,145,ITEM_INTERACTION,1718893538
eunseobag@example.org,149,CLICK,1695751114
eunseobag@example.org,150,ITEM_INTERACTION,1690429998
eunseobag@example.org,153,VIEW,1704923016
eunseobag@example.org,154,ITEM_INTERACTION,1714492586
eunseobag@example.org,190,CLICK,1691690022
eunseobag@example.org,217,PURCHASE,1708462444
eunseobag@example.org,220,PURCHASE,1715479233
yeongil87@example.com,1,ITEM_INTERACTION,1699150008
yeongil87@example.com,19,PURCHASE,1719890511
yeongil87@example.com,28,ITEM_INTERACTION,1701873585
yeongil87@example.com,35,VIEW,1717910206
yeongil87@example.com,51,CLICK,1693413748
yeongil87@example.com,78,ITEM_INTERACTION,1692939332
yeongil87@example.com,80,PURCHASE,1720018960
yeongil87@example.com,89,VIEW,1714330332
yeongil87@example.com,92,VIEW,1696585957
yeongil87@example.com,125,PURCHASE,1714708728
yeongil87@example.com,138,ITEM_INTERACTION,1713309238
yeongil87@example.com,142,CLICK,1719993904
yeongil87@example.com,143,CLICK,1689901130
yeongil87@example.com,151,PURCHASE,1717081903
yeongil87@example.com,176,VIEW,1699170400
yeongil87@example.com,187,CLICK,1702634980
yeongil87@example.com,197,ITEM_INTERACTION,1694880434
yeongil87@example.com,198,CLICK,1710314086
yeongil87@example.com,199,ITEM_INTERACTION,1710290002
yeongil87@example.com,206,PURCHASE,1715985274
yeongil87@example.com,214,ITEM_INTERACTION,1689797327
yeongil87@example.com,222,PURCHASE,1716306558
yeongil87@example.com,230,CLICK,1715277250
yeongil87@example.com,233,VIEW,1719680486
jeonghyi08@example.org,5,CLICK,1705839286
jeonghyi08@example.org,7,CLICK,1693068780
jeonghyi08@example.org,9,VIEW,1700575812
jeonghyi08@example.org,12,PURCHASE,1720374843
jeonghyi08@example.org,21,VIEW,1691592174
jeonghyi08@example.org,22,PURCHASE,1704288309
jeonghyi08@example.org,23,CLICK,1712563914
jeonghyi08@example.org,33,CLICK,1720256287
jeonghyi08@example.org,37,PURCHASE,1704357798
jeonghyi08@example.org,44,VIEW,1705345917
jeonghyi08@example.org,45,VIEW,1696601774
jeonghyi08@example.org,47,VIEW,1693101998
jeonghyi08@example.org,48,PURCHASE,1706749557
jeonghyi08@example.org,50,CLICK,1715791610
jeonghyi08@example.org,53,CLICK,1711866414
jeonghyi08@example.org,56,ITEM_INTERACTION,1719302786
jeonghyi08@example.org,57,PURCHASE,1701121511
jeonghyi08@example.org,64,ITEM_INTERACTION,1695183546
jeonghyi08@example.org,69,CLICK,1696883495
jeonghyi08@example.org,72,CLICK,1706226848
jeonghyi08@example.org,73,CLICK,1710120935
jeonghyi08@example.org,74,VIEW,1702159297
jeonghyi08@example.org,75,ITEM_INTERACTION,1713488329
jeonghyi08@example.org,77,ITEM_INTERACTION,1690295042
jeonghyi08@example.org,84,ITEM_INTERACTION,1708613196
jeonghyi08@example.org,93,ITEM_INTERACTION,1701237302
jeonghyi08@example.org,106,CLICK,1700716384
jeonghyi08@example.org,111,CLICK,1719310157
jeonghyi08@example.org,115,CLICK,1694409378
jeonghyi08@example.org,118,PURCHASE,1711513700
jeonghyi08@example.org,120,VIEW,1703895431
jeonghyi08@example.org,122,VIEW,1708513570
jeonghyi08@example.org,126,CLICK,1714993186
jeonghyi08@example.org,128,CLICK,1714166973
jeonghyi08@example.org,131,VIEW,1705667543
jeonghyi08@example.org,140,ITEM_INTERACTION,1718563664
jeonghyi08@example.org,146,PURCHASE,1695601622
jeonghyi08@example.org,147,PURCHASE,1716985407
jeonghyi08@example.org,149,ITEM_INTERACTION,1696262940
jeonghyi08@example.org,153,VIEW,1715018199
jeonghyi08@example.org,154,PURCHASE,1689979845
jeonghyi08@example.org,159,ITEM_INTERACTION,1695363036
jeonghyi08@example.org,160,VIEW,1693970011
jeonghyi08@example.org,165,CLICK,1698437558
jeonghyi08@example.org,166,PURCHASE,1696635199
jeonghyi08@example.org,169,ITEM_INTERACTION,1700038691
jeonghyi08@example.org,170,VIEW,1712252107
jeonghyi08@example.org,178,CLICK,1719091288
jeonghyi08@example.org,181,PURCHASE,1690486093
jeonghyi08@example.org,188,CLICK,1689880445
jeonghyi08@example.org,189,CLICK,1702203798
jeonghyi08@example.org,190,PURCHASE,1699653702
jeonghyi08@example.org,191,PURCHASE,1699407658
jeonghyi08@example.org,196,PURCHASE,1697045453
jeonghyi08@example.org,209,PURCHASE,1695170545
jeonghyi08@example.org,210,VIEW,1695892481
jeonghyi08@example.org,217,ITEM_INTERACTION,1709795697
jeonghyi08@example.org,219,ITEM_INTERACTION,1697933061
jeonghyi08@example.org,232,CLICK,1696931973
igyeonghyi@example.com,1,CLICK,1692960547
igyeonghyi@example.com,8,PURCHASE,1710007444
igyeonghyi@example.com,9,CLICK,1705637967
igyeonghyi@example.com,19,ITEM_INTERACTION,1705425406
igyeonghyi@example.com,21,ITEM_INTERACTION,1718560601
igyeonghyi@example.com,27,VIEW,1718198474
igyeonghyi@example.com,28,ITEM_INTERACTION,1696584312
igyeonghyi@example.com,32,ITEM_INTERACTION,1698754253
igyeonghyi@example.com,35,CLICK,1691927928
igyeonghyi@example.com,37,VIEW,1712738933
igyeonghyi@example.com,41,CLICK,1713943586
igyeonghyi@example.com,45,ITEM_INTERACTION,1716077860
igyeonghyi@example.com,50,ITEM_INTERACTION,1690164119
igyeonghyi@example.com,51,ITEM_INTERACTION,1697588845
igyeonghyi@example.com,61,PURCHASE,1719300925
igyeonghyi@example.com,63,PURCHASE,1704085332
igyeonghyi@example.com,64,CLICK,1706526971
igyeonghyi@example.com,65,VIEW,1690776616
igyeonghyi@example.com,73,VIEW,1715488203
igyeonghyi@example.com,75,CLICK,1693364371
igyeonghyi@example.com,76,CLICK,1708526514
igyeonghyi@example.com,77,ITEM_INTERACTION,1710305537
igyeonghyi@example.com,78,CLICK,1698670442
igyeonghyi@example.com,80,ITEM_INTERACTION,1701002057
igyeonghyi@example.com,84,ITEM_INTERACTION,1713536085
igyeonghyi@example.com,88,PURCHASE,1715285864
igyeonghyi@example.com,89,ITEM_INTERACTION,1720074691
igyeonghyi@example.com,92,CLICK,1716470745
igyeonghyi@example.com,102,PURCHASE,1699153687
igyeonghyi@example.com,106,PURCHASE,1710077782
igyeonghyi@example.com,111,VIEW,1712923800
igyeonghyi@example.com,122,CLICK,1709740525
igyeonghyi@example.com,125,CLICK,1720251315
igyeonghyi@example.com,126,CLICK,1707401317
igyeonghyi@example.com,128,ITEM_INTERACTION,1699731588
igyeonghyi@example.com,129,VIEW,1719770357
igyeonghyi@example.com,131,VIEW,1690482228
igyeonghyi@example.com,132,CLICK,1691816683
igyeonghyi@example.com,133,ITEM_INTERACTION,1718699631
igyeonghyi@example.com,138,VIEW,1691976434
igyeonghyi@example.com,142,PURCHASE,1709160206
igyeonghyi@example.com,143,VIEW,1704557244
igyeonghyi@example.com,146,PURCHASE,1699617876
igyeonghyi@example.com,149,ITEM_INTERACTION,1713279877
igyeonghyi@example.com,151,PURCHASE,1692095147
igyeonghyi@example.com,152,ITEM_INTERACTION,1710982215
igyeonghyi@example.com,153,PURCHASE,1710676970
igyeonghyi@example.com,154,CLICK,1712227259
igyeonghyi@example.com,159,CLICK,1695218837
igyeonghyi@example.com,165,PURCHASE,1698326087
igyeonghyi@example.com,166,CLICK,1690514843
igyeonghyi@example.com,170,PURCHASE,1711857883
igyeonghyi@example.com,176,CLICK,1704621114
igyeonghyi@example.com,178,CLICK,1695631653
igyeonghyi@example.com,181,VIEW,1716419093
igyeonghyi@example.com,187,ITEM_INTERACTION,1718611287
igyeonghyi@example.com,189,PURCHASE,1716921700
igyeonghyi@example.com,190,CLICK,1701408824
igyeonghyi@example.com,196,ITEM_INTERACTION,1712396718
igyeonghyi@example.com,197,CLICK,1706117483
igyeonghyi@example.com,198,PURCHASE,1689361608
igyeonghyi@example.com,199,PURCHASE,1698531614
igyeonghyi@example.com,206,VIEW,1707891955
igyeonghyi@example.com,209,ITEM_INTERACTION,1689587110
igyeonghyi@example.com,210,VIEW,1706172259
igyeonghyi@example.com,214,ITEM_INTERACTION,1705848546
igyeonghyi@example.com,217,CLICK,1703335305
igyeonghyi@example.com,221,VIEW,1691430442
igyeonghyi@example.com,222,CLICK,1700155896
igyeonghyi@example.com,227,PURCHASE,1718605898
igyeonghyi@example.com,230,CLICK,1706038979
igyeonghyi@example.com,231,PURCHASE,1716680223
igyeonghyi@example.com,232,VIEW,1703554875
igyeonghyi@example.com,233,ITEM_INTERACTION,1709956588
myeongja19@example.net,5,PURCHASE,1712146884
myeongja19@example.net,7,VIEW,1691602502
myeongja19@example.net,8,VIEW,1709158993
myeongja19@example.net,12,VIEW,1708059710
myeongja19@example.net,21,VIEW,1690228885
myeongja19@example.net,22,VIEW,1702957704
myeongja19@example.net,23,PURCHASE,1714221546
myeongja19@example.net,32,CLICK,1715368902
myeongja19@example.net,33,CLICK,1690621722
myeongja19@example.net,37,PURCHASE,1690264227
myeongja19@example.net,44,VIEW,1715755013
myeongja19@example.net,45,ITEM_INTERACTION,1701137263
myeongja19@example.net,47,ITEM_INTERACTION,1720466044
myeongja19@example.net,48,ITEM_INTERACTION,1691999837
myeongja19@example.net,50,ITEM_INTERACTION,1709639732
myeongja19@example.net,53,ITEM_INTERACTION,1702930104
myeongja19@example.net,56,PURCHASE,1711194751
myeongja19@example.net,57,PURCHASE,1704179618
myeongja19@example.net,61,PURCHASE,1695578001
myeongja19@example.net,63,PURCHASE,1702628841
myeongja19@example.net,64,CLICK,1716996728
myeongja19@example.net,69,VIEW,1704762742
myeongja19@example.net,72,ITEM_INTERACTION,1692093197
myeongja19@example.net,74,ITEM_INTERACTION,1693921674
myeongja19@example.net,75,VIEW,1703754894
myeongja19@example.net,76,ITEM_INTERACTION,1709448576
myeongja19@example.net,93,PURCHASE,1705128960
myeongja19@example.net,111,PURCHASE,1690886705
myeongja19@example.net,115,VIEW,1693863700
myeongja19@example.net,118,VIEW,1698539423
myeongja19@example.net,120,ITEM_INTERACTION,1712733082
myeongja19@example.net,122,VIEW,1705767020
myeongja19@example.net,128,ITEM_INTERACTION,1707353306
myeongja19@example.net,129,VIEW,1715303566
myeongja19@example.net,131,CLICK,1701203480
myeongja19@example.net,132,ITEM_INTERACTION,1701769445
myeongja19@example.net,133,CLICK,1716357349
myeongja19@example.net,140,PURCHASE,1696841240
myeongja19@example.net,146,ITEM_INTERACTION,1710512974
myeongja19@example.net,147,VIEW,1705506727
myeongja19@example.net,149,PURCHASE,1704273004
myeongja19@example.net,152,VIEW,1711249827
myeongja19@example.net,153,PURCHASE,1703335655
myeongja19@example.net,154,ITEM_INTERACTION,1698157826
myeongja19@example.net,160,CLICK,1715397030
myeongja19@example.net,165,VIEW,1693359984
myeongja19@example.net,166,CLICK,1719680204
myeongja19@example.net,169,VIEW,1695095852
myeongja19@example.net,188,CLICK,1719736342
myeongja19@example.net,190,VIEW,1709545099
myeongja19@example.net,191,ITEM_INTERACTION,1708394263
myeongja19@example.net,209,VIEW,1718076448
myeongja19@example.net,210,VIEW,1717362676
myeongja19@example.net,217,PURCHASE,1694781722
myeongja19@example.net,219,ITEM_INTERACTION,1713971613
myeongja19@example.net,221,CLICK,1704165788
myeongja19@example.net,227,ITEM_INTERACTION,1707807978
myeongja19@example.net,231,CLICK,1706757302
